timestamp,asset_id,actual_power,ambient_temp_c,module_temp_c,irradiance_wm2,DC_POWER
2026-09-07 20:31:52.674951,SOLAR-BETA-01,0.0,27.76813704679116,17.643640625331447,0.0,0.0
2026-09-07 20:46:52.674951,SOLAR-BETA-01,0.0,27.101549087426022,20.86570080503995,0.0,0.0
2026-09-07 21:01:52.674951,SOLAR-BETA-01,0.0,27.95900595572508,22.221506344829283,0.0,0.0
2026-09-07 21:16:52.674951,SOLAR-BETA-01,0.0,31.296418557180843,21.510369947607888,0.0,0.0
2026-09-07 21:31:52.674951,SOLAR-BETA-01,0.0,34.31434560700089,22.168955049714576,0.0,0.0
2026-09-07 21:46:52.674951,SOLAR-BETA-01,0.0,25.623316967037784,19.576220937603516,0.0,0.0
2026-09-07 22:01:52.674951,SOLAR-BETA-01,0.0,30.497318856978268,19.06676206364871,0.0,0.0
2026-09-07 22:16:52.674951,SOLAR-BETA-01,0.0,23.241699080828923,18.526197295536402,0.0,0.0
2026-09-07 22:31:52.674951,SOLAR-BETA-01,0.0,30.925034917915077,19.888207066772807,0.0,0.0
2026-09-07 22:46:52.674951,SOLAR-BETA-01,0.0,30.30754578587922,19.84281840806236,0.0,0.0
2026-09-07 23:01:52.674951,SOLAR-BETA-01,0.0,30.042079849714955,20.413355257078234,0.0,0.0
2026-09-07 23:16:52.674951,SOLAR-BETA-01,0.0,25.470349205957618,19.741405085928985,0.0,0.0
2026-09-07 23:31:52.674951,SOLAR-BETA-01,0.0,21.658209180045557,19.732744540546456,0.0,0.0
2026-09-07 23:46:52.674951,SOLAR-BETA-01,0.0,18.02735781067262,18.446611894055714,0.0,0.0
2026-09-08 00:01:52.674951,SOLAR-BETA-01,0.0,24.799813962394502,21.883238027102983,0.0,0.0
2026-09-08 00:16:52.674951,SOLAR-BETA-01,0.0,32.665062711245916,20.15303612448742,0.0,0.0
2026-09-08 00:31:52.674951,SOLAR-BETA-01,0.0,23.450775493179634,19.651112131429436,0.0,0.0
2026-09-08 00:46:52.674951,SOLAR-BETA-01,0.0,28.925632927300274,18.50514149350159,0.0,0.0
2026-09-08 01:01:52.674951,SOLAR-BETA-01,0.0,29.219757002594655,17.336173779217827,0.0,0.0
2026-09-08 01:16:52.674951,SOLAR-BETA-01,0.0,23.581568895364136,22.615928385098687,0.0,0.0
2026-09-08 01:31:52.674951,SOLAR-BETA-01,0.0,31.581724187597597,21.109277416263616,0.0,0.0
2026-09-08 01:46:52.674951,SOLAR-BETA-01,0.0,10.456696277597482,16.752164314860067,0.0,0.0
2026-09-08 02:01:52.674951,SOLAR-BETA-01,0.0,18.886248606309124,21.526284601419313,0.0,0.0
2026-09-08 02:16:52.674951,SOLAR-BETA-01,0.0,20.4218385182077,21.844962340466218,0.0,0.0
2026-09-08 02:31:52.674951,SOLAR-BETA-01,0.0,20.90142488566305,20.24875224460186,0.0,0.0
2026-09-08 02:46:52.674951,SOLAR-BETA-01,0.0,26.681314755929478,23.19622179150352,0.0,0.0
2026-09-08 03:01:52.674951,SOLAR-BETA-01,0.0,26.45018901526951,20.433439284245765,0.0,0.0
2026-09-08 03:16:52.674951,SOLAR-BETA-01,0.0,26.96995286087504,17.16635294410162,0.0,0.0
2026-09-08 03:31:52.674951,SOLAR-BETA-01,0.0,27.980407470662435,20.73033800209664,0.0,0.0
2026-09-08 03:46:52.674951,SOLAR-BETA-01,0.0,20.24947715427175,20.48979460342546,0.0,0.0
2026-09-08 04:01:52.674951,SOLAR-BETA-01,0.0,18.909119665963406,18.79340630244369,0.0,0.0
2026-09-08 04:16:52.674951,SOLAR-BETA-01,0.0,26.981598410039314,21.14711767375485,0.0,0.0
2026-09-08 04:31:52.674951,SOLAR-BETA-01,0.0,21.848839631767806,16.664669467618275,0.0,0.0
2026-09-08 04:46:52.674951,SOLAR-BETA-01,0.0,17.147624773160146,21.98113365488558,0.0,0.0
2026-09-08 05:01:52.674951,SOLAR-BETA-01,0.0,29.85672142270741,18.243756592789094,0.0,0.0
2026-09-08 05:16:52.674951,SOLAR-BETA-01,0.0,31.975509532511488,18.030107749765936,0.0,0.0
2026-09-08 05:31:52.674951,SOLAR-BETA-01,0.0,32.785804448493295,19.772350455385045,0.0,0.0
2026-09-08 05:46:52.674951,SOLAR-BETA-01,0.0,25.935038607373603,20.865945856087272,0.0,0.0
2026-09-08 06:01:52.674951,SOLAR-BETA-01,2.232321922664281,28.129660479864512,20.46684426381588,0.004633204554300662,2.343938018797495
2026-09-08 06:16:52.674951,SOLAR-BETA-01,43.366161543006086,31.849341116809555,21.022917234066863,0.08360785218705405,45.53446962015639
2026-09-08 06:31:52.674951,SOLAR-BETA-01,66.35557220849137,21.79292104988283,23.083323409180636,0.13651673305214704,69.67335081891594
2026-09-08 06:46:52.674951,SOLAR-BETA-01,97.88261811052773,30.55338842027046,23.58532523038099,0.19504699750453047,102.77674901605413
2026-09-08 07:01:52.674951,SOLAR-BETA-01,128.2834409707136,26.376981170716043,27.237026345614115,0.2562128716291285,134.69761301924927
2026-09-08 07:16:52.674951,SOLAR-BETA-01,155.54453402521455,29.568558261712955,32.03857421975071,0.3296177263576296,163.32176072647528
2026-09-08 07:31:52.674951,SOLAR-BETA-01,176.3918471480198,25.930465104379678,30.63187214407054,0.35467993397860986,185.2114395054208
2026-09-08 07:46:52.674951,SOLAR-BETA-01,227.8053828195359,31.48128354874001,35.265659904967485,0.4515610465149527,239.19565196051272
2026-09-08 08:01:52.674951,SOLAR-BETA-01,265.1077494900552,26.117618812707683,38.70534455754335,0.5264847294030321,278.36313696455795
2026-09-08 08:16:52.674951,SOLAR-BETA-01,290.61756549644247,17.58010470266291,35.95151494217119,0.5709183993415041,305.1484437712646
2026-09-08 08:31:52.674951,SOLAR-BETA-01,317.6335629856163,32.25963316157361,38.833717129937085,0.6402287878682604,333.51524113489717
2026-09-08 08:46:52.674951,SOLAR-BETA-01,350.6064952798465,20.26234629513944,45.083216754057084,0.6913610343977366,368.13682004383884
2026-09-08 09:01:52.674951,SOLAR-BETA-01,288.1458525803309,31.26529105121957,40.41912276011793,0.5843478645386012,302.55314520934746
2026-09-08 09:16:52.674951,SOLAR-BETA-01,390.0645138901526,24.54878559279839,40.73843438475547,0.8027747812126727,409.5677395846603
2026-09-08 09:31:52.674951,SOLAR-BETA-01,361.65775393388964,30.88005492598853,43.05196922552715,0.7425890864468448,379.74064163058415
2026-09-08 09:46:52.674951,SOLAR-BETA-01,360.3964256462547,30.673843074333824,42.276280422809585,0.7425053479376731,378.4162469285675
2026-09-08 10:01:52.674951,SOLAR-BETA-01,393.95235667223585,27.150714871576856,44.82221935357958,0.772310437728735,413.64997450584764
2026-09-08 10:16:52.674951,SOLAR-BETA-01,454.6771818308057,27.542676588135656,46.642857708951894,0.9377605081307334,477.411040922346
2026-09-08 10:31:52.674951,SOLAR-BETA-01,454.9500343799796,27.11314308596283,45.46899204546956,0.9049402929850301,477.6975360989786
2026-09-08 10:46:52.674951,SOLAR-BETA-01,392.3116289017572,14.93087621859461,42.31241587008345,0.7888185766890223,411.9272103468451
2026-09-08 11:01:52.674951,SOLAR-BETA-01,505.5970841402038,25.59165109449101,49.254374658508404,1.0132743916968423,530.876938347214
2026-09-08 11:16:52.674951,SOLAR-BETA-01,431.614214668387,19.419679119640527,46.839988412934716,0.8403113359772231,453.19492540180636
2026-09-08 11:31:52.674951,SOLAR-BETA-01,498.5276162409442,25.855935718728315,47.81385658325671,1.0058752976518157,523.4539970529914
2026-09-08 11:46:52.674951,SOLAR-BETA-01,517.2203053247656,19.285287268083923,49.412978384038894,1.0219402061319176,543.0813205910039
2026-09-08 12:01:52.674951,SOLAR-BETA-01,544.6825678068263,19.075240293869626,49.078395595537636,1.088547345884684,571.9166961971677
2026-09-08 12:16:52.674951,SOLAR-BETA-01,585.8625837764403,33.02467250876951,57.27319123024202,1.1752985194472425,615.1557129652623
2026-09-08 12:31:52.674951,SOLAR-BETA-01,447.50195269815805,30.34723694062095,48.21140342355053,0.8556447741562748,469.877050333066
2026-09-08 12:46:52.674951,SOLAR-BETA-01,473.34138148031076,24.979287075279228,48.58933299318861,0.9747826618305396,497.0084505543263
2026-09-08 13:01:52.674951,SOLAR-BETA-01,481.15711423889866,25.92384325124512,47.547906615882475,0.9381268448502973,505.2149699508436
2026-09-08 13:16:52.674951,SOLAR-BETA-01,499.74085747033996,23.760419871284956,50.502356228254676,0.9865304141229627,524.727900343857
2026-09-08 13:31:52.674951,SOLAR-BETA-01,466.52742647876585,27.849381879897614,51.211663015211926,0.9420899666818472,489.85379780270415
2026-09-08 13:46:52.674951,SOLAR-BETA-01,445.7591653841848,21.619728167255975,46.71873510315251,0.863383786934156,468.04712365339407
2026-09-08 14:01:52.674951,SOLAR-BETA-01,397.6136571230973,29.968701314339786,43.37738037664849,0.8257488087199574,417.4943399792522
2026-09-08 14:16:52.674951,SOLAR-BETA-01,364.39709593421935,23.734565794929445,38.85674291210201,0.7364796018691632,382.61695073093034
2026-09-08 14:31:52.674951,SOLAR-BETA-01,423.90010115289476,22.900765020843856,43.83371024752108,0.8687987590949352,445.09510621053954
2026-09-08 14:46:52.674951,SOLAR-BETA-01,394.90208824829375,25.108565092424215,43.646881320752584,0.7833480806709219,414.64719266070847
2026-09-08 15:01:52.674951,SOLAR-BETA-01,375.7581677424473,22.044265850371946,41.748153661933046,0.7686269569444877,394.5460761295697
2026-09-08 15:16:52.674951,SOLAR-BETA-01,320.6005718668675,26.643411747482414,39.46079171800114,0.6356952102006541,336.63060046021087
2026-09-08 15:31:52.674951,SOLAR-BETA-01,281.71370071004895,22.313187053433,35.860235927812134,0.5655361320094867,295.79938574555143
2026-09-08 15:46:52.674951,SOLAR-BETA-01,243.8499558368076,27.34261801409418,32.6563307954972,0.49242078860286725,256.042453628648
2026-09-08 16:01:52.674951,SOLAR-BETA-01,259.0110434355852,31.08003269455738,33.066734332884145,0.5140265865263429,271.9615956073645
2026-09-08 16:16:52.674951,SOLAR-BETA-01,195.33968814722581,21.403391565959133,34.90839737763892,0.3927896119630821,205.1066725545871
2026-09-08 16:31:52.674951,SOLAR-BETA-01,219.43985609760392,24.347122713524143,35.23741516398435,0.4486479888539023,230.41184890248414
2026-09-08 16:46:52.674951,SOLAR-BETA-01,145.6328124411597,27.306653565177108,31.735412356125124,0.2758125484156401,152.91445306321768
2026-09-08 17:01:52.674951,SOLAR-BETA-01,129.5104138577042,22.820713225092966,28.92698344616902,0.26156938815529385,135.98593455058943
2026-09-08 17:16:52.674951,SOLAR-BETA-01,105.45860018438302,27.321602804133327,25.761196961820097,0.2207059926349925,110.73153019360217
2026-09-08 17:31:52.674951,SOLAR-BETA-01,65.7533237454857,27.7769943032587,26.65946444917155,0.13375942013972247,69.04098993275998
2026-09-08 17:46:52.674951,SOLAR-BETA-01,30.27325597096849,30.41630888147152,21.797494054069055,0.06212100189308631,31.786918769516916
2026-09-08 18:01:52.674951,SOLAR-BETA-01,0.0,21.97004976957544,20.441683540580705,0.0,0.0
2026-09-08 18:16:52.674951,SOLAR-BETA-01,0.0,20.286123798847626,19.914351241848962,0.0,0.0
2026-09-08 18:31:52.674951,SOLAR-BETA-01,0.0,23.46211305218128,14.10619156143197,0.0,0.0
2026-09-08 18:46:52.674951,SOLAR-BETA-01,0.0,20.1612383022645,23.209470024589706,0.0,0.0
2026-09-08 19:01:52.674951,SOLAR-BETA-01,0.0,27.822491020237486,20.982007891915508,0.0,0.0
2026-09-08 19:16:52.674951,SOLAR-BETA-01,0.0,19.191243499117945,20.65964612173702,0.0,0.0
2026-09-08 19:31:52.674951,SOLAR-BETA-01,0.0,36.66508209126344,19.87644787545888,0.0,0.0
2026-09-08 19:46:52.674951,SOLAR-BETA-01,0.0,31.47963930786875,20.326855640772262,0.0,0.0
2026-09-08 20:01:52.674951,SOLAR-BETA-01,0.0,25.06287884800157,18.805442128307504,0.0,0.0
2026-09-08 20:16:52.674951,SOLAR-BETA-01,0.0,29.33697246498988,21.233158704614542,0.0,0.0
2026-09-08 20:31:52.674951,SOLAR-BETA-01,0.0,16.815990678446042,17.385803311201734,0.0,0.0
2026-09-08 20:46:52.674951,SOLAR-BETA-01,0.0,37.616866656997786,20.372136864941094,0.0,0.0
2026-09-08 21:01:52.674951,SOLAR-BETA-01,0.0,22.048926938997553,21.12314694114221,0.0,0.0
2026-09-08 21:16:52.674951,SOLAR-BETA-01,0.0,24.397512930503204,19.602661732354193,0.0,0.0
2026-09-08 21:31:52.674951,SOLAR-BETA-01,0.0,15.720333564057817,20.74173558494205,0.0,0.0
2026-09-08 21:46:52.674951,SOLAR-BETA-01,0.0,27.431436523704473,18.0173312155315,0.0,0.0
2026-09-08 22:01:52.674951,SOLAR-BETA-01,0.0,19.468279214614455,18.068346458208072,0.0,0.0
2026-09-08 22:16:52.674951,SOLAR-BETA-01,0.0,25.508278807830145,20.473434242052786,0.0,0.0
2026-09-08 22:31:52.674951,SOLAR-BETA-01,0.0,22.27862783537731,21.357099309242102,0.0,0.0
2026-09-08 22:46:52.674951,SOLAR-BETA-01,0.0,19.611280325348282,16.250268688996577,0.0,0.0
2026-09-08 23:01:52.674951,SOLAR-BETA-01,0.0,20.978192491186913,21.044041270221534,0.0,0.0
2026-09-08 23:16:52.674951,SOLAR-BETA-01,0.0,26.128940170427605,18.913596999247325,0.0,0.0
2026-09-08 23:31:52.674951,SOLAR-BETA-01,0.0,18.59254513565588,19.614387825385176,0.0,0.0
2026-09-08 23:46:52.674951,SOLAR-BETA-01,0.0,21.255941644882114,17.320964152869927,0.0,0.0
2026-09-09 00:01:52.674951,SOLAR-BETA-01,0.0,28.31636690632239,18.296765519626582,0.0,0.0
2026-09-09 00:16:52.674951,SOLAR-BETA-01,0.0,38.01239937437157,21.932250651060624,0.0,0.0
2026-09-09 00:31:52.674951,SOLAR-BETA-01,0.0,27.387944097765025,20.065726747960426,0.0,0.0
2026-09-09 00:46:52.674951,SOLAR-BETA-01,0.0,20.413691789113564,19.234443196580884,0.0,0.0
2026-09-09 01:01:52.674951,SOLAR-BETA-01,0.0,23.164429149638444,19.767023294737932,0.0,0.0
2026-09-09 01:16:52.674951,SOLAR-BETA-01,0.0,25.157945030762892,20.9784236493286,0.0,0.0
2026-09-09 01:31:52.674951,SOLAR-BETA-01,0.0,23.252875246821464,20.880988992326674,0.0,0.0
2026-09-09 01:46:52.674951,SOLAR-BETA-01,0.0,29.515290833684666,19.849945999206398,0.0,0.0
2026-09-09 02:01:52.674951,SOLAR-BETA-01,0.0,26.08736741507112,22.185918221793337,0.0,0.0
2026-09-09 02:16:52.674951,SOLAR-BETA-01,0.0,29.53926192454935,21.94092527381333,0.0,0.0
2026-09-09 02:31:52.674951,SOLAR-BETA-01,0.0,23.427781048511854,20.826744058260793,0.0,0.0
2026-09-09 02:46:52.674951,SOLAR-BETA-01,0.0,31.62750109860628,20.10922356582014,0.0,0.0
2026-09-09 03:01:52.674951,SOLAR-BETA-01,0.0,24.167572078592272,21.314642190239077,0.0,0.0
2026-09-09 03:16:52.674951,SOLAR-BETA-01,0.0,20.144050654310043,20.628534843602367,0.0,0.0
2026-09-09 03:31:52.674951,SOLAR-BETA-01,0.0,35.88660190521111,22.121600143611897,0.0,0.0
2026-09-09 03:46:52.674951,SOLAR-BETA-01,0.0,15.875111265194416,21.799122753476617,0.0,0.0
2026-09-09 04:01:52.674951,SOLAR-BETA-01,0.0,21.306306373475362,17.96349219716454,0.0,0.0
2026-09-09 04:16:52.674951,SOLAR-BETA-01,0.0,21.864860740848027,17.828073658516587,0.0,0.0
2026-09-09 04:31:52.674951,SOLAR-BETA-01,0.0,37.541531365282815,18.597500911191847,0.0,0.0
2026-09-09 04:46:52.674951,SOLAR-BETA-01,0.0,34.03429442073256,21.952277380133843,0.0,0.0
2026-09-09 05:01:52.674951,SOLAR-BETA-01,0.0,32.46964071821099,16.847382006457508,0.0,0.0
2026-09-09 05:16:52.674951,SOLAR-BETA-01,0.0,23.346706688118342,20.789514778215988,0.0,0.0
2026-09-09 05:31:52.674951,SOLAR-BETA-01,0.0,37.13089001920888,20.725086182185922,0.0,0.0
2026-09-09 05:46:52.674951,SOLAR-BETA-01,0.0,26.841760019204855,22.325296117372385,0.0,0.0
2026-09-09 06:01:52.674951,SOLAR-BETA-01,1.9641966140651008,29.886316851515613,20.477801743034178,0.003904145390213376,2.062406444768356
2026-09-09 06:16:52.674951,SOLAR-BETA-01,32.47871389849298,25.898476905531034,19.306760612711596,0.06643931312931325,34.102649593417624
2026-09-09 06:31:52.674951,SOLAR-BETA-01,58.437161479284406,24.752667143383743,21.644034489252885,0.11875814701830435,61.35901955324863
2026-09-09 06:46:52.674951,SOLAR-BETA-01,79.47141988745079,23.741106630368105,22.520620769550817,0.1628203937782156,83.44499088182333
2026-09-09 07:01:52.674951,SOLAR-BETA-01,143.56908356393802,23.95180003290419,27.61831194037263,0.28980666243463044,150.74753774213494
2026-09-09 07:16:52.674951,SOLAR-BETA-01,141.60721042700013,28.042458243390392,28.135384955838955,0.28337293635622707,148.68757094835013
2026-09-09 07:31:52.674951,SOLAR-BETA-01,190.93977932132321,26.83599899387694,29.06315222304349,0.3798011758495202,200.4867682873894
2026-09-09 07:46:52.674951,SOLAR-BETA-01,237.01464357301774,24.84264314898158,37.33507343681606,0.4797916485170493,248.86537575166864
2026-09-09 08:01:52.674951,SOLAR-BETA-01,241.45286333501937,32.54761996349427,31.533278058905314,0.47279469342700664,253.52550650177037
2026-09-09 08:16:52.674951,SOLAR-BETA-01,255.4569084518012,10.166234656296346,38.083713205876094,0.5130502119383712,268.2297538743913
2026-09-09 08:31:52.674951,SOLAR-BETA-01,308.1023055597524,27.549436239605974,41.15236506576465,0.6260679667628656,323.50742083774
2026-09-09 08:46:52.674951,SOLAR-BETA-01,370.01537968766513,28.588693533294897,43.89750263640261,0.7366965845674848,388.5161486720484
2026-09-09 09:01:52.674951,SOLAR-BETA-01,325.88542848105493,30.734814341275847,37.42673625143264,0.627142315547538,342.17969990510767
2026-09-09 09:16:52.674951,SOLAR-BETA-01,374.18039892497717,24.675642794733193,42.98623514321724,0.743377779495448,392.88941887122604
2026-09-09 09:31:52.674951,SOLAR-BETA-01,326.65960786616165,26.039600336919786,37.18811030801423,0.658095085837182,342.99258825946976
2026-09-09 09:46:52.674951,SOLAR-BETA-01,388.31222151065845,29.929741916573604,45.85473450550307,0.8010973478478525,407.72783258619137
2026-09-09 10:01:52.674951,SOLAR-BETA-01,433.6727796326913,32.4558320214009,45.98708427129953,0.8711684611457355,455.3564186143259
2026-09-09 10:16:52.674951,SOLAR-BETA-01,412.92151045698387,23.49732007410616,43.84078634031161,0.8219808923161659,433.5675859798331
2026-09-09 10:31:52.674951,SOLAR-BETA-01,438.1987442032121,26.334878915637802,44.0498320705829,0.8832440587965149,460.1086814133727
2026-09-09 10:46:52.674951,SOLAR-BETA-01,393.81989915063883,33.39286982174379,39.48833315008635,0.8147781795781459,413.5108941081708
2026-09-09 11:01:52.674951,SOLAR-BETA-01,478.9611393879361,14.379864620605744,47.15791212768758,0.9744997947253031,502.9091963573329
2026-09-09 11:16:52.674951,SOLAR-BETA-01,558.4139808035468,21.549937000927073,54.783306410994925,1.0852570006589703,586.3346798437242
2026-09-09 11:31:52.674951,SOLAR-BETA-01,454.24850155460604,32.32917989301482,45.689365185472674,0.8831677347474093,476.96092663233634
2026-09-09 11:46:52.674951,SOLAR-BETA-01,459.6930826447646,30.462689168041514,47.74085516385367,0.9359837626027919,482.67773677700285
2026-09-09 12:01:52.674951,SOLAR-BETA-01,532.1879054993672,27.61222605463347,52.81844752592729,1.050244626978346,558.7973007743356
2026-09-09 12:16:52.674951,SOLAR-BETA-01,546.0568557955906,22.757015634454397,57.16567364577705,1.1184778629848173,573.3596985853702
2026-09-09 12:31:52.674951,SOLAR-BETA-01,433.29253929372055,20.590907505072902,47.93733364176768,0.842910811062547,454.9571662584066
2026-09-09 12:46:52.674951,SOLAR-BETA-01,484.05510116047884,22.04392190378813,46.95688212912203,0.9633850712251468,508.2578562185028
2026-09-09 13:01:52.674951,SOLAR-BETA-01,505.47313918116674,32.740041104093464,45.87796165706689,0.9921034266647236,530.7467961402251
2026-09-09 13:16:52.674951,SOLAR-BETA-01,451.88345097138256,21.857786554223267,52.79529714688512,0.9358689542894971,474.4776235199517
2026-09-09 13:31:52.674951,SOLAR-BETA-01,351.5968682997282,25.50711482119829,45.351712221333315,0.6937909666004801,369.17671171471466
2026-09-09 13:46:52.674951,SOLAR-BETA-01,469.8171949698736,21.23146177569127,48.57026604367701,0.9397786283606147,493.30805471836726
2026-09-09 14:01:52.674951,SOLAR-BETA-01,506.0179726194475,29.213870150495133,47.3114587182276,0.9950811736463746,531.3188712504199
2026-09-09 14:16:52.674951,SOLAR-BETA-01,427.02771605889484,22.306368598267795,47.08773116943788,0.8387092700550002,448.3791018618396
2026-09-09 14:31:52.674951,SOLAR-BETA-01,355.04706600674064,24.51203054922793,41.05886542299827,0.7091610931674494,372.7994193070777
2026-09-09 14:46:52.674951,SOLAR-BETA-01,350.9933376976867,16.58308933478587,41.089780617485125,0.7105247621232782,368.54300458257103
2026-09-09 15:01:52.674951,SOLAR-BETA-01,420.7703176090399,16.9331588189753,46.64749400179902,0.8286192105196252,441.8088334894919
2026-09-09 15:16:52.674951,SOLAR-BETA-01,357.44841093637217,25.038365966607532,42.141487786385945,0.7157579430879785,375.3208314831908
2026-09-09 15:31:52.674951,SOLAR-BETA-01,316.3961717711647,18.37421422401119,36.94940261214332,0.64403441447244,332.21598035972295
2026-09-09 15:46:52.674951,SOLAR-BETA-01,280.54468666311016,35.52543319667251,36.49877754984753,0.5716087140003825,294.5719209962657
2026-09-09 16:01:52.674951,SOLAR-BETA-01,224.85957001899664,14.692384439438753,35.22459952879497,0.4634097890490757,236.10254851994648
2026-09-09 16:16:52.674951,SOLAR-BETA-01,212.59724041807021,20.99912350667948,33.90786499305164,0.4295786849413868,223.22710243897373
2026-09-09 16:31:52.674951,SOLAR-BETA-01,191.9918347566213,25.083504336337754,31.794975660914986,0.37569808373993435,201.59142649445238
2026-09-09 16:46:52.674951,SOLAR-BETA-01,167.9667253170668,23.17433531102108,31.90913306968817,0.3347429053578815,176.36506158292013
2026-09-09 17:01:52.674951,SOLAR-BETA-01,144.95733689622995,19.479272716680406,28.067145541024765,0.2930193172219763,152.20520374104146
2026-09-09 17:16:52.674951,SOLAR-BETA-01,107.78143142155696,20.21036080252366,26.72177634085282,0.21214789301382256,113.17050299263481
2026-09-09 17:31:52.674951,SOLAR-BETA-01,53.24178277131267,20.046729612503807,16.497436346192746,0.1082864848849315,55.903871909878305
2026-09-09 17:46:52.674951,SOLAR-BETA-01,31.267511876671826,23.566391525899686,20.973179495503786,0.062415996106313834,32.83088747050542
2026-09-09 18:01:52.674951,SOLAR-BETA-01,0.0,34.75964544758712,21.52780581715129,0.0,0.0
2026-09-09 18:16:52.674951,SOLAR-BETA-01,0.0,25.38968648279105,19.219211065765716,0.0,0.0
2026-09-09 18:31:52.674951,SOLAR-BETA-01,0.0,30.914502446937618,19.067545216565776,0.0,0.0
2026-09-09 18:46:52.674951,SOLAR-BETA-01,0.0,27.534881729140707,17.917094096450363,0.0,0.0
2026-09-09 19:01:52.674951,SOLAR-BETA-01,0.0,30.569311989911103,22.006731785458292,0.0,0.0
2026-09-09 19:16:52.674951,SOLAR-BETA-01,0.0,11.00017848703207,21.096926547081143,0.0,0.0
2026-09-09 19:31:52.674951,SOLAR-BETA-01,0.0,23.47770989425885,21.65082919564617,0.0,0.0
2026-09-09 19:46:52.674951,SOLAR-BETA-01,0.0,31.53567711575357,16.547572076084222,0.0,0.0
2026-09-09 20:01:52.674951,SOLAR-BETA-01,0.0,22.141320886253332,19.679099913468733,0.0,0.0
2026-09-09 20:16:52.674951,SOLAR-BETA-01,0.0,33.81236582434806,19.439777984499987,0.0,0.0
2026-09-09 20:31:52.674951,SOLAR-BETA-01,0.0,32.41945076883881,19.438856586802896,0.0,0.0
2026-09-09 20:46:52.674951,SOLAR-BETA-01,0.0,22.65434641936269,18.76794491256409,0.0,0.0
2026-09-09 21:01:52.674951,SOLAR-BETA-01,0.0,22.484182404768216,19.30779145643997,0.0,0.0
2026-09-09 21:16:52.674951,SOLAR-BETA-01,0.0,19.931970788227655,21.699289565413302,0.0,0.0
2026-09-09 21:31:52.674951,SOLAR-BETA-01,0.0,21.85202884068101,16.174297293304342,0.0,0.0
2026-09-09 21:46:52.674951,SOLAR-BETA-01,0.0,18.837054679155422,23.554589536060906,0.0,0.0
2026-09-09 22:01:52.674951,SOLAR-BETA-01,0.0,27.14405590216503,20.967682250052924,0.0,0.0
2026-09-09 22:16:52.674951,SOLAR-BETA-01,0.0,17.719767533267834,19.915336208679573,0.0,0.0
2026-09-09 22:31:52.674951,SOLAR-BETA-01,0.0,28.01866508095111,21.813668292745852,0.0,0.0
2026-09-09 22:46:52.674951,SOLAR-BETA-01,0.0,28.140393484501242,17.09633050966313,0.0,0.0
2026-09-09 23:01:52.674951,SOLAR-BETA-01,0.0,16.693977974080386,18.670598189697973,0.0,0.0
2026-09-09 23:16:52.674951,SOLAR-BETA-01,0.0,32.7490930316417,19.75784913521889,0.0,0.0
2026-09-09 23:31:52.674951,SOLAR-BETA-01,0.0,27.56804647207611,22.731120740864355,0.0,0.0
2026-09-09 23:46:52.674951,SOLAR-BETA-01,0.0,28.748490107224345,19.907006837746884,0.0,0.0
2026-09-10 00:01:52.674951,SOLAR-BETA-01,0.0,21.206673992286138,20.900109342370293,0.0,0.0
2026-09-10 00:16:52.674951,SOLAR-BETA-01,0.0,28.11189559236559,18.820842008127745,0.0,0.0
2026-09-10 00:31:52.674951,SOLAR-BETA-01,0.0,30.63196724861033,20.97368413793498,0.0,0.0
2026-09-10 00:46:52.674951,SOLAR-BETA-01,0.0,24.506958004976614,23.354479185948914,0.0,0.0
2026-09-10 01:01:52.674951,SOLAR-BETA-01,0.0,35.009612296241805,21.991053383348227,0.0,0.0
2026-09-10 01:16:52.674951,SOLAR-BETA-01,0.0,25.220323174564687,19.837088024444242,0.0,0.0
2026-09-10 01:31:52.674951,SOLAR-BETA-01,0.0,30.70392900226237,21.35098169453094,0.0,0.0
2026-09-10 01:46:52.674951,SOLAR-BETA-01,0.0,26.465044036293275,21.155033909214424,0.0,0.0
2026-09-10 02:01:52.674951,SOLAR-BETA-01,0.0,27.927607664284338,21.01317534339455,0.0,0.0
2026-09-10 02:16:52.674951,SOLAR-BETA-01,0.0,16.64333866182614,22.223906721720816,0.0,0.0
2026-09-10 02:31:52.674951,SOLAR-BETA-01,0.0,26.855268691076816,22.20895540767493,0.0,0.0
2026-09-10 02:46:52.674951,SOLAR-BETA-01,0.0,21.32512449371367,19.74568280625023,0.0,0.0
2026-09-10 03:01:52.674951,SOLAR-BETA-01,0.0,20.76800847111156,21.28375812295554,0.0,0.0
2026-09-10 03:16:52.674951,SOLAR-BETA-01,0.0,33.720515922329895,19.233810157680413,0.0,0.0
2026-09-10 03:31:52.674951,SOLAR-BETA-01,0.0,23.931148759688256,18.153855207368846,0.0,0.0
2026-09-10 03:46:52.674951,SOLAR-BETA-01,0.0,19.983490845122517,19.461012488592026,0.0,0.0
2026-09-10 04:01:52.674951,SOLAR-BETA-01,0.0,23.204341859455628,19.847443696520834,0.0,0.0
2026-09-10 04:16:52.674951,SOLAR-BETA-01,0.0,18.49774885539043,16.676838021644016,0.0,0.0
2026-09-10 04:31:52.674951,SOLAR-BETA-01,0.0,32.16942234098135,21.72066511883344,0.0,0.0
2026-09-10 04:46:52.674951,SOLAR-BETA-01,0.0,21.521596279167426,14.465349154795204,0.0,0.0
2026-09-10 05:01:52.674951,SOLAR-BETA-01,0.0,27.646499669718345,25.429633878972645,0.0,0.0
2026-09-10 05:16:52.674951,SOLAR-BETA-01,0.0,31.780533571051627,23.003758267592637,0.0,0.0
2026-09-10 05:31:52.674951,SOLAR-BETA-01,0.0,22.499236593926355,19.477982551655373,0.0,0.0
2026-09-10 05:46:52.674951,SOLAR-BETA-01,0.0,27.66011216136393,20.018852721127548,0.0,0.0
2026-09-10 06:01:52.674951,SOLAR-BETA-01,2.315023113627848,19.84956972547785,20.749348993186473,0.004780174867063564,2.4307742693092407
2026-09-10 06:16:52.674951,SOLAR-BETA-01,30.908206460445182,37.228847845568424,20.663766542660348,0.06140291062127444,32.453616783467446
2026-09-10 06:31:52.674951,SOLAR-BETA-01,60.762609405770625,29.68190067308311,24.069170271911954,0.12279773255793595,63.80073987605916
2026-09-10 06:46:52.674951,SOLAR-BETA-01,87.72399938254154,24.03696780619597,25.032716146845512,0.17735720340829447,92.11019935166861
2026-09-10 07:01:52.674951,SOLAR-BETA-01,109.71308466008239,21.135831345555182,26.526446151588303,0.2238330528683412,115.19873889308651
2026-09-10 07:16:52.674951,SOLAR-BETA-01,154.4891757653684,24.43001723580187,30.272970253020024,0.33033493753529153,162.21363455363684
2026-09-10 07:31:52.674951,SOLAR-BETA-01,222.32406370717186,23.300081388242404,30.32177113486432,0.43162755771907696,233.44026689253047
2026-09-10 07:46:52.674951,SOLAR-BETA-01,214.593655060708,34.76472276999753,33.21759902856714,0.43794865267666144,225.3233378137434
2026-09-10 08:01:52.674951,SOLAR-BETA-01,212.19433958745978,18.872326388925487,33.16444513084746,0.42791832125375007,222.80405656683277
2026-09-10 08:16:52.674951,SOLAR-BETA-01,294.26199949682484,25.674007116451016,38.44255942463248,0.6061620060640216,308.9750994716661
2026-09-10 08:31:52.674951,SOLAR-BETA-01,364.6628000852362,24.90830966683145,41.030904118574945,0.7154188543149086,382.895940089498
2026-09-10 08:46:52.674951,SOLAR-BETA-01,310.7883388477427,24.412948498275654,40.86967763845568,0.619798736217231,326.32775579012986
2026-09-10 09:01:52.674951,SOLAR-BETA-01,332.5117006814891,24.45691672530829,39.57866943394031,0.6761991514567807,349.13728571556356
2026-09-10 09:16:52.674951,SOLAR-BETA-01,393.7006509677896,24.419645949397584,44.26346127333249,0.793626981989537,413.3856835161791
2026-09-10 09:31:52.674951,SOLAR-BETA-01,478.0766396427757,29.3653303316605,50.347699397175454,0.9251034776441456,501.9804716249145
2026-09-10 09:46:52.674951,SOLAR-BETA-01,394.691944048259,28.044922232462177,43.55737541013443,0.7905375896725019,414.42654125067196
2026-09-10 10:01:52.674951,SOLAR-BETA-01,374.8902678622628,27.09455805686393,43.004397008922496,0.7525156824662464,393.63478125537597
2026-09-10 10:16:52.674951,SOLAR-BETA-01,468.7774582197126,9.830053189273656,48.47359796846569,0.9555455747031829,492.2163311306983
2026-09-10 10:31:52.674951,SOLAR-BETA-01,480.8124543079241,26.49897437081582,52.4596643091356,0.9994974907336135,504.85307702332034
2026-09-10 10:46:52.674951,SOLAR-BETA-01,472.9339424177016,16.721803199149587,47.95170433147875,0.9489051151550445,496.5806395385867
2026-09-10 11:01:52.674951,SOLAR-BETA-01,459.5078574132892,28.231600815679126,49.95886581562109,0.9130718887014893,482.4832502839537
2026-09-10 11:16:52.674951,SOLAR-BETA-01,551.4861858839316,32.37248683785258,52.16996729308775,1.0792381027460625,579.0604951781282
2026-09-10 11:31:52.674951,SOLAR-BETA-01,498.7101997242805,20.368804437057246,49.612672033857464,1.0443863826917832,523.6457097104945
2026-09-10 11:46:52.674951,SOLAR-BETA-01,450.3502611584436,23.691096388286468,49.001783604510244,0.9214345754454,472.8677742163658
2026-09-10 12:01:52.674951,SOLAR-BETA-01,496.61408687873796,22.003221474735014,49.53766154598837,1.004899907116656,521.4447912226749
2026-09-10 12:16:52.674951,SOLAR-BETA-01,431.3312530431144,31.177158878784006,47.122678784753404,0.8627225662185025,452.8978156952701
2026-09-10 12:31:52.674951,SOLAR-BETA-01,527.8785638460361,25.475139426360364,46.30604453964138,1.058828443649628,554.2724920383379
2026-09-10 12:46:52.674951,SOLAR-BETA-01,475.95270740417186,33.64164690283167,48.6372442033573,0.9542277893189135,499.7503427743805
2026-09-10 13:01:52.674951,SOLAR-BETA-01,465.14095591809354,27.06877101473694,46.763304253530336,0.9227504950348434,488.39800371399826
2026-09-10 13:16:52.674951,SOLAR-BETA-01,462.69238928032524,26.212250903179097,46.14578958579227,0.9424102319618277,485.8270087443415
2026-09-10 13:31:52.674951,SOLAR-BETA-01,471.6084609850734,25.341033913014183,46.67106254489842,0.9259181516192673,495.1888840343271
2026-09-10 13:46:52.674951,SOLAR-BETA-01,491.73863245770036,29.089960496286682,48.10333554945235,0.9750247279345884,516.3255640805854
2026-09-10 14:01:52.674951,SOLAR-BETA-01,454.52186938569645,16.311569008773283,47.35090852967728,0.9148960039792814,477.24796285498127
2026-09-10 14:16:52.674951,SOLAR-BETA-01,421.09986818288445,25.42671977760255,41.747466747634924,0.8160706556734945,442.1548615920287
2026-09-10 14:31:52.674951,SOLAR-BETA-01,438.782230425392,24.649767781360175,46.1647081041839,0.8510720181221493,460.72134194666165
2026-09-10 14:46:52.674951,SOLAR-BETA-01,396.75155050292165,28.62709413578883,46.10150457013845,0.7789691666575627,416.58912802806776
2026-09-10 15:01:52.674951,SOLAR-BETA-01,316.64622730356865,24.061491970629817,40.78130145139591,0.6739814819166752,332.4785386687471
2026-09-10 15:16:52.674951,SOLAR-BETA-01,334.1680094558618,19.80632782918665,41.05428066680289,0.6478767816114959,350.87640992865494
2026-09-10 15:31:52.674951,SOLAR-BETA-01,302.90039392036874,25.036753374598497,40.07878927999315,0.5963221456921851,318.0454136163872
2026-09-10 15:46:52.674951,SOLAR-BETA-01,301.54575716879384,19.585797355658283,39.86770585136897,0.579824227566687,316.62304502723356
2026-09-10 16:01:52.674951,SOLAR-BETA-01,244.9172510704006,15.373688937062573,38.08040445995815,0.47800423581051793,257.16311362392065
2026-09-10 16:16:52.674951,SOLAR-BETA-01,217.27724207874445,28.635612407427466,31.63929803881454,0.4212567345122134,228.1411041826817
2026-09-10 16:31:52.674951,SOLAR-BETA-01,230.57969317373914,27.895307863473352,32.15889224960976,0.4531953406643998,242.1086778324261
2026-09-10 16:46:52.674951,SOLAR-BETA-01,178.24307336421623,27.335454719967874,31.980618321244553,0.34712290081983616,187.15522703242704
2026-09-10 17:01:52.674951,SOLAR-BETA-01,122.30936856593341,31.514642109729056,28.473639652573457,0.23523690710862188,128.42483699423008
2026-09-10 17:16:52.674951,SOLAR-BETA-01,101.28832910259116,21.674840548480375,27.602442492947922,0.2017030631238848,106.35274555772072
2026-09-10 17:31:52.674951,SOLAR-BETA-01,61.83864634798805,17.844429286143725,27.609340951423924,0.12769253476411407,64.93057866538746
2026-09-10 17:46:52.674951,SOLAR-BETA-01,31.524401317673096,24.649851115959777,21.925906885851067,0.06343890227513592,33.10062138355675
2026-09-10 18:01:52.674951,SOLAR-BETA-01,0.0,23.262498501470446,20.85231311929237,0.0,0.0
2026-09-10 18:16:52.674951,SOLAR-BETA-01,0.0,20.788521416149656,18.03922349703305,0.0,0.0
2026-09-10 18:31:52.674951,SOLAR-BETA-01,0.0,24.60075423256102,24.270642247951915,0.0,0.0
2026-09-10 18:46:52.674951,SOLAR-BETA-01,0.0,21.941974268977077,19.32691015758178,0.0,0.0
2026-09-10 19:01:52.674951,SOLAR-BETA-01,0.0,15.819973583215845,19.38356814367834,0.0,0.0
2026-09-10 19:16:52.674951,SOLAR-BETA-01,0.0,22.794116546031198,19.306500217983515,0.0,0.0
2026-09-10 19:31:52.674951,SOLAR-BETA-01,0.0,19.318124166480715,18.710208282711324,0.0,0.0
2026-09-10 19:46:52.674951,SOLAR-BETA-01,0.0,26.158240358054613,18.541125902304703,0.0,0.0
2026-09-10 20:01:52.674951,SOLAR-BETA-01,0.0,21.719826208796725,18.95259143422095,0.0,0.0
2026-09-10 20:16:52.674951,SOLAR-BETA-01,0.0,30.55815737070526,17.26840814389811,0.0,0.0
2026-09-10 20:31:52.674951,SOLAR-BETA-01,0.0,33.01933033633933,18.429364159473522,0.0,0.0
2026-09-10 20:46:52.674951,SOLAR-BETA-01,0.0,28.39690686505953,23.897926222895236,0.0,0.0
2026-09-10 21:01:52.674951,SOLAR-BETA-01,0.0,17.244869090083398,21.471310287282737,0.0,0.0
2026-09-10 21:16:52.674951,SOLAR-BETA-01,0.0,32.5259799943952,21.851808353455436,0.0,0.0
2026-09-10 21:31:52.674951,SOLAR-BETA-01,0.0,32.87860225186883,22.35441757483383,0.0,0.0
2026-09-10 21:46:52.674951,SOLAR-BETA-01,0.0,25.093952556539705,23.66826912872478,0.0,0.0
2026-09-10 22:01:52.674951,SOLAR-BETA-01,0.0,31.61463080167766,16.45715489711231,0.0,0.0
2026-09-10 22:16:52.674951,SOLAR-BETA-01,0.0,22.24162430976661,17.54023376942692,0.0,0.0
2026-09-10 22:31:52.674951,SOLAR-BETA-01,0.0,15.668770325752053,18.39255267821063,0.0,0.0
2026-09-10 22:46:52.674951,SOLAR-BETA-01,0.0,21.198577806892033,19.060540407020806,0.0,0.0
2026-09-10 23:01:52.674951,SOLAR-BETA-01,0.0,33.646504330223785,19.398861218829502,0.0,0.0
2026-09-10 23:16:52.674951,SOLAR-BETA-01,0.0,17.544600381942633,19.106044894387917,0.0,0.0
2026-09-10 23:31:52.674951,SOLAR-BETA-01,0.0,24.99760640965747,20.438617826264107,0.0,0.0
2026-09-10 23:46:52.674951,SOLAR-BETA-01,0.0,25.170719466701062,20.07059078149043,0.0,0.0
2026-09-11 00:01:52.674951,SOLAR-BETA-01,0.0,22.43512878016094,18.5543304096435,0.0,0.0
2026-09-11 00:16:52.674951,SOLAR-BETA-01,0.0,22.782392000814426,15.64890244602486,0.0,0.0
2026-09-11 00:31:52.674951,SOLAR-BETA-01,0.0,25.361245671181013,18.014262589242605,0.0,0.0
2026-09-11 00:46:52.674951,SOLAR-BETA-01,0.0,22.189188290326364,18.90152269337485,0.0,0.0
2026-09-11 01:01:52.674951,SOLAR-BETA-01,0.0,17.889707514160342,19.50584112638456,0.0,0.0
2026-09-11 01:16:52.674951,SOLAR-BETA-01,0.0,26.07515971471728,17.740665081378925,0.0,0.0
2026-09-11 01:31:52.674951,SOLAR-BETA-01,0.0,30.36683291222486,19.01838706700716,0.0,0.0
2026-09-11 01:46:52.674951,SOLAR-BETA-01,0.0,29.347862593267106,17.738025223028828,0.0,0.0
2026-09-11 02:01:52.674951,SOLAR-BETA-01,0.0,20.95132266305094,19.748361296903333,0.0,0.0
2026-09-11 02:16:52.674951,SOLAR-BETA-01,0.0,18.74386042311162,17.85381734327477,0.0,0.0
2026-09-11 02:31:52.674951,SOLAR-BETA-01,0.0,23.579060589226106,18.30219068725907,0.0,0.0
2026-09-11 02:46:52.674951,SOLAR-BETA-01,0.0,32.83895754897832,17.382631738021722,0.0,0.0
2026-09-11 03:01:52.674951,SOLAR-BETA-01,0.0,28.22799039479773,19.69299860886043,0.0,0.0
2026-09-11 03:16:52.674951,SOLAR-BETA-01,0.0,28.51982338397117,18.267104460095204,0.0,0.0
2026-09-11 03:31:52.674951,SOLAR-BETA-01,0.0,29.449284758927472,21.81356853335086,0.0,0.0
2026-09-11 03:46:52.674951,SOLAR-BETA-01,0.0,27.10383281259293,20.8117005333858,0.0,0.0
2026-09-11 04:01:52.674951,SOLAR-BETA-01,0.0,25.60304273806789,19.860296263632716,0.0,0.0
2026-09-11 04:16:52.674951,SOLAR-BETA-01,0.0,28.31153448323984,18.40502900531242,0.0,0.0
2026-09-11 04:31:52.674951,SOLAR-BETA-01,0.0,22.2691694789099,20.761040610632605,0.0,0.0
2026-09-11 04:46:52.674951,SOLAR-BETA-01,0.0,17.927684943168394,21.381401778697274,0.0,0.0
2026-09-11 05:01:52.674951,SOLAR-BETA-01,0.0,28.614984673121615,20.28537682440326,0.0,0.0
2026-09-11 05:16:52.674951,SOLAR-BETA-01,0.0,31.188690528746125,23.20740371093386,0.0,0.0
2026-09-11 05:31:52.674951,SOLAR-BETA-01,0.0,19.408840303219844,20.91927463614963,0.0,0.0
2026-09-11 05:46:52.674951,SOLAR-BETA-01,0.0,29.1096074120795,21.827214435136067,0.0,0.0
2026-09-11 06:01:52.674951,SOLAR-BETA-01,2.195440635976235,33.40382856694095,20.399844832135887,0.004423800035464385,2.305212667775047
2026-09-11 06:16:52.674951,SOLAR-BETA-01,36.82126342807014,24.988768991214396,23.54826272787515,0.0732311273787067,38.66232659947365
2026-09-11 06:31:52.674951,SOLAR-BETA-01,70.12179758571786,20.909989076291268,22.66078063431693,0.141811436655176,73.62788746500375
2026-09-11 06:46:52.674951,SOLAR-BETA-01,65.39474703884235,25.61509336763378,50.701475885352316,0.2206090870592635,68.66448439078448
2026-09-11 07:01:52.674951,SOLAR-BETA-01,74.88592593831505,22.247330158996494,52.97827206706499,0.24265149867000768,78.6302222352308
2026-09-11 07:16:52.674951,SOLAR-BETA-01,92.99472138673475,21.916349450217993,54.93104420036466,0.30822817457499657,97.64445745607149
2026-09-11 07:31:52.674951,SOLAR-BETA-01,136.45515076206235,27.165920336357715,59.81559290066504,0.46001230849261804,143.27790830016548
2026-09-11 07:46:52.674951,SOLAR-BETA-01,131.1856245498535,16.981352624850523,60.385491602986555,0.4394901939476366,137.74490577734616
2026-09-11 08:01:52.674951,SOLAR-BETA-01,159.22815290320756,17.780355387538865,57.5655924174684,0.5138511587033076,167.18956054836795
2026-09-11 08:16:52.674951,SOLAR-BETA-01,165.84999685507816,25.096454401869714,59.714467389519754,0.555445749491345,174.1424966978321
2026-09-11 08:31:52.674951,SOLAR-BETA-01,166.24988884312452,24.888457305437843,62.31652208157123,0.5619125599807575,174.56238328528076
2026-09-11 08:46:52.674951,SOLAR-BETA-01,227.8940071629317,26.71777288519968,66.65722319486758,0.7701983486158165,239.2887075210783
2026-09-11 09:01:52.674951,SOLAR-BETA-01,199.59622465008678,34.376126942416946,71.93680027495196,0.6727087930791081,209.57603588259113
2026-09-11 09:16:52.674951,SOLAR-BETA-01,198.50110940822555,25.522570180379105,66.12040709185924,0.6696322617839656,208.42616487863683
2026-09-11 09:31:52.674951,SOLAR-BETA-01,222.20075739708435,27.99086075167397,67.64702788811034,0.7601229861990221,233.31079526693858
2026-09-11 09:46:52.674951,SOLAR-BETA-01,195.59109685034835,20.12233532192684,63.97805335149029,0.6669663965886001,205.37065169286578
2026-09-11 10:01:52.674951,SOLAR-BETA-01,239.45750643504408,28.839688317582684,68.38929885331807,0.8116541139901386,251.4303817567963
2026-09-11 10:16:52.674951,SOLAR-BETA-01,246.4151176706379,22.368045674446613,69.41365805220047,0.811779224319004,258.7358735541698
2026-09-11 10:31:52.674951,SOLAR-BETA-01,292.5579880675133,25.357104162905465,74.70454460455957,0.9826860246439016,307.185887470889
2026-09-11 10:46:52.674951,SOLAR-BETA-01,264.2392968808513,24.455756874654192,70.62046740741698,0.8844621898934673,277.4512617248939
2026-09-11 11:01:52.674951,SOLAR-BETA-01,323.8938564925257,30.164871174570155,76.04071524573851,1.0529006579592772,340.088549317152
2026-09-11 11:16:52.674951,SOLAR-BETA-01,344.36580110154404,18.450117228125002,81.25575436353895,1.118906173768992,361.58409115662124
2026-09-11 11:31:52.674951,SOLAR-BETA-01,319.0389866532561,13.583806826924803,79.85394781618857,1.0694979296962164,334.9909359859189
2026-09-11 11:46:52.674951,SOLAR-BETA-01,289.2940985000434,23.93283651456038,74.80315227367441,0.9766361437934887,303.7588034250456
2026-09-11 12:01:52.674951,SOLAR-BETA-01,298.9708168161464,27.34265628452562,72.74053442734042,1.0141017960604635,313.9193576569537
2026-09-11 12:16:52.674951,SOLAR-BETA-01,257.14530022929426,25.7613468790375,71.44011736064678,0.8454370349122898,270.002565240759
2026-09-11 12:31:52.674951,SOLAR-BETA-01,292.082303453431,31.161021187069558,77.43686955081319,0.977610155586371,306.6864186261026
2026-09-11 12:46:52.674951,SOLAR-BETA-01,266.60557604691775,27.18686337089834,74.60780860755527,0.8956082134543505,279.93585484926365
2026-09-11 13:01:52.674951,SOLAR-BETA-01,304.49540302208925,22.1807583407007,77.42210329388206,1.0317750529420906,319.7201731731937
2026-09-11 13:16:52.674951,SOLAR-BETA-01,351.1433571353305,13.372899229301598,83.50815870189567,1.1887770930441341,368.7005249920971
2026-09-11 13:31:52.674951,SOLAR-BETA-01,292.34783510817823,23.81343882902391,74.15560569014248,0.9682945715061478,306.96522686358713
2026-09-11 13:46:52.674951,SOLAR-BETA-01,209.36514994178157,30.13979501128899,67.75841757353345,0.7167403877955344,219.83340743887067
2026-09-11 14:01:52.674951,SOLAR-BETA-01,254.75949961447384,23.039761086664427,68.6173836249077,0.8326311585852687,267.49747459519756
2026-09-11 14:16:52.674951,SOLAR-BETA-01,249.06976852427022,25.141601318388823,70.76030682726004,0.8391925304982873,261.52325695048376
2026-09-11 14:31:52.674951,SOLAR-BETA-01,238.56295535084826,27.10680127153354,71.58697351628354,0.7975968342780829,250.49110311839067
2026-09-11 14:46:52.674951,SOLAR-BETA-01,202.69736661817615,19.92353812875092,64.64778478693917,0.6942210536637652,212.83223494908498
2026-09-11 15:01:52.674951,SOLAR-BETA-01,216.3315712023853,28.116179483194088,64.91562187056206,0.7212836243163548,227.14814976250457
2026-09-11 15:16:52.674951,SOLAR-BETA-01,171.23128366299417,33.18560895000853,62.43128706999494,0.5745436397315846,179.7928478461439
2026-09-11 15:31:52.674951,SOLAR-BETA-01,164.26507451378373,24.135933240532967,60.98965252656714,0.5480992311338381,172.47832823947292
2026-09-11 15:46:52.674951,SOLAR-BETA-01,181.46277233383827,19.35467789083849,63.92572381178775,0.5875809456548968,190.5359109505302
2026-09-11 16:01:52.674951,SOLAR-BETA-01,134.22061089932515,24.666994864890132,57.46800948634621,0.44581761794134317,140.93164144429142
2026-09-11 16:16:52.674951,SOLAR-BETA-01,136.38680981626578,13.878079456955657,62.29582295102225,0.4619647906605608,143.20615030707907
2026-09-11 16:31:52.674951,SOLAR-BETA-01,96.64348752921036,26.68451631988308,52.2244696302876,0.3267940608736572,101.47566190567089
2026-09-11 16:46:52.674951,SOLAR-BETA-01,113.32400802495263,27.261371888242895,58.70657167660629,0.37330340347222735,118.99020842620027
2026-09-11 17:01:52.674951,SOLAR-BETA-01,72.2969572567693,33.37818146922781,50.516968097506584,0.2348888851374263,75.91180511960778
2026-09-11 17:16:52.674951,SOLAR-BETA-01,93.79651135540365,24.030026037166873,22.004271610532918,0.18654123599003203,98.48633692317384
2026-09-11 17:31:52.674951,SOLAR-BETA-01,66.08352078662082,27.042426690732352,24.386888544969366,0.13037127440905438,69.38769682595186
2026-09-11 17:46:52.674951,SOLAR-BETA-01,29.14977193712054,20.693559488070495,21.218698847239075,0.05759716064222808,30.607260533976568
2026-09-11 18:01:52.674951,SOLAR-BETA-01,0.0,23.217864397374605,17.780781264193937,0.0,0.0
2026-09-11 18:16:52.674951,SOLAR-BETA-01,0.0,17.374072816689008,16.637246216569473,0.0,0.0
2026-09-11 18:31:52.674951,SOLAR-BETA-01,0.0,24.026051893583823,19.983278425457087,0.0,0.0
2026-09-11 18:46:52.674951,SOLAR-BETA-01,0.0,23.473454232407175,21.951673783247635,0.0,0.0
2026-09-11 19:01:52.674951,SOLAR-BETA-01,0.0,26.495998830444478,21.16990698617289,0.0,0.0
2026-09-11 19:16:52.674951,SOLAR-BETA-01,0.0,21.882015598336803,20.11341329767853,0.0,0.0
2026-09-11 19:31:52.674951,SOLAR-BETA-01,0.0,25.41672675487546,20.95769514643547,0.0,0.0
2026-09-11 19:46:52.674951,SOLAR-BETA-01,0.0,23.333099721961673,19.945571735244286,0.0,0.0
2026-09-11 20:01:52.674951,SOLAR-BETA-01,0.0,23.34250305850243,17.140551513939258,0.0,0.0
2026-09-11 20:16:52.674951,SOLAR-BETA-01,0.0,25.40181162981515,17.158212029553113,0.0,0.0
2026-09-11 20:31:52.674951,SOLAR-BETA-01,0.0,25.20261471158505,19.593662942030644,0.0,0.0
2026-09-11 20:46:52.674951,SOLAR-BETA-01,0.0,28.805870195258194,19.678693427267852,0.0,0.0
2026-09-11 21:01:52.674951,SOLAR-BETA-01,0.0,24.396784829350825,21.70196535701353,0.0,0.0
2026-09-11 21:16:52.674951,SOLAR-BETA-01,0.0,23.250573254384985,21.514608447549495,0.0,0.0
2026-09-11 21:31:52.674951,SOLAR-BETA-01,0.0,24.09596277456387,21.2102660315179,0.0,0.0
2026-09-11 21:46:52.674951,SOLAR-BETA-01,0.0,21.426679415795036,19.439434573845638,0.0,0.0
2026-09-11 22:01:52.674951,SOLAR-BETA-01,0.0,23.200444532166642,17.238695659779722,0.0,0.0
2026-09-11 22:16:52.674951,SOLAR-BETA-01,0.0,35.15579356536615,20.824142274132047,0.0,0.0
2026-09-11 22:31:52.674951,SOLAR-BETA-01,0.0,20.436606196520664,21.050338626524336,0.0,0.0
2026-09-11 22:46:52.674951,SOLAR-BETA-01,0.0,23.606718330603453,15.222937075044628,0.0,0.0
2026-09-11 23:01:52.674951,SOLAR-BETA-01,0.0,23.062556683651547,18.331323626834674,0.0,0.0
2026-09-11 23:16:52.674951,SOLAR-BETA-01,0.0,23.764141938778003,18.617891245212206,0.0,0.0
2026-09-11 23:31:52.674951,SOLAR-BETA-01,0.0,23.343803455608025,20.23670040224687,0.0,0.0
2026-09-11 23:46:52.674951,SOLAR-BETA-01,0.0,26.396200506105,18.393279134468614,0.0,0.0
2026-09-12 00:01:52.674951,SOLAR-BETA-01,0.0,16.449124493041026,19.92373086235072,0.0,0.0
2026-09-12 00:16:52.674951,SOLAR-BETA-01,0.0,30.185857362660023,19.578930119294014,0.0,0.0
2026-09-12 00:31:52.674951,SOLAR-BETA-01,0.0,28.162913998210986,19.681701056924545,0.0,0.0
2026-09-12 00:46:52.674951,SOLAR-BETA-01,0.0,18.785642069684325,18.567211412598507,0.0,0.0
2026-09-12 01:01:52.674951,SOLAR-BETA-01,0.0,13.654613635237993,18.722029891866644,0.0,0.0
2026-09-12 01:16:52.674951,SOLAR-BETA-01,0.0,20.114639269292994,17.839465880438613,0.0,0.0
2026-09-12 01:31:52.674951,SOLAR-BETA-01,0.0,23.786667692864388,20.760134881147664,0.0,0.0
2026-09-12 01:46:52.674951,SOLAR-BETA-01,0.0,37.90145949345387,21.142205257182738,0.0,0.0
2026-09-12 02:01:52.674951,SOLAR-BETA-01,0.0,27.716284824871366,18.458764099749324,0.0,0.0
2026-09-12 02:16:52.674951,SOLAR-BETA-01,0.0,15.962051754092712,23.04128019203409,0.0,0.0
2026-09-12 02:31:52.674951,SOLAR-BETA-01,0.0,21.551722475495282,19.3707971051159,0.0,0.0
2026-09-12 02:46:52.674951,SOLAR-BETA-01,0.0,24.733937818635084,23.06037124759312,0.0,0.0
2026-09-12 03:01:52.674951,SOLAR-BETA-01,0.0,26.268417771490483,18.715745652336793,0.0,0.0
2026-09-12 03:16:52.674951,SOLAR-BETA-01,0.0,18.426255698447886,15.94684444680113,0.0,0.0
2026-09-12 03:31:52.674951,SOLAR-BETA-01,0.0,24.32504886011469,20.804395649824702,0.0,0.0
2026-09-12 03:46:52.674951,SOLAR-BETA-01,0.0,21.411804311947296,20.497090210237975,0.0,0.0
2026-09-12 04:01:52.674951,SOLAR-BETA-01,0.0,19.481207186988417,20.068787590615166,0.0,0.0
2026-09-12 04:16:52.674951,SOLAR-BETA-01,0.0,26.29797823349477,18.71553504311202,0.0,0.0
2026-09-12 04:31:52.674951,SOLAR-BETA-01,0.0,28.869385867214113,19.93085554902836,0.0,0.0
2026-09-12 04:46:52.674951,SOLAR-BETA-01,0.0,29.205206384808097,18.977481084260944,0.0,0.0
2026-09-12 05:01:52.674951,SOLAR-BETA-01,0.0,27.87193175566938,19.3953008673365,0.0,0.0
2026-09-12 05:16:52.674951,SOLAR-BETA-01,0.0,22.513152334298685,21.68326451153015,0.0,0.0
2026-09-12 05:31:52.674951,SOLAR-BETA-01,0.0,28.57274880731753,20.368434459060186,0.0,0.0
2026-09-12 05:46:52.674951,SOLAR-BETA-01,0.0,26.54527219052144,21.219902774663954,0.0,0.0
2026-09-12 06:01:52.674951,SOLAR-BETA-01,2.258522477894245,25.669709414760067,19.66733793847632,0.00436916505759671,2.3714486017889578
2026-09-12 06:16:52.674951,SOLAR-BETA-01,34.650976122060555,21.941534391491007,21.40587977637558,0.06966381559950438,36.38352492816359
2026-09-12 06:31:52.674951,SOLAR-BETA-01,61.03326444289267,22.51561936329236,21.352442036500868,0.1219802366092718,64.08492766503731
2026-09-12 06:46:52.674951,SOLAR-BETA-01,61.47643520458451,25.36943468062277,50.54415302752106,0.20947420842191544,64.55025696481374
2026-09-12 07:01:52.674951,SOLAR-BETA-01,77.37979749556807,37.1993723349275,46.21698202210477,0.2619737044427685,81.24878737034648
2026-09-12 07:16:52.674951,SOLAR-BETA-01,91.83439535436594,26.506212400456953,53.09630291301786,0.3092248948543042,96.42611512208424
2026-09-12 07:31:52.674951,SOLAR-BETA-01,126.15496536632179,21.94405748874857,57.72122318093828,0.4294990511773321,132.46271363463788
2026-09-12 07:46:52.674951,SOLAR-BETA-01,116.63464795305038,20.838052775152786,57.83975073182729,0.3904134474428991,122.4663803507029
2026-09-12 08:01:52.674951,SOLAR-BETA-01,143.56863405333306,22.541166936718987,58.937336243733654,0.48248973329278566,150.74706575599973
2026-09-12 08:16:52.674951,SOLAR-BETA-01,191.84650267279866,35.88646723774533,64.19521328185647,0.6166622065788822,201.4388278064386
2026-09-12 08:31:52.674951,SOLAR-BETA-01,185.04212688508198,23.003716770270188,59.586446868289,0.6315341397023163,194.2942332293361
2026-09-12 08:46:52.674951,SOLAR-BETA-01,198.24096075665486,29.534352673051423,64.66979088721176,0.6594488197208553,208.15300879448762
2026-09-12 09:01:52.674951,SOLAR-BETA-01,219.48599338808387,23.12035877264322,63.481332819596346,0.7280112801807718,230.46029305748806
2026-09-12 09:16:52.674951,SOLAR-BETA-01,225.54139841290382,26.305922706398142,65.63089715651937,0.7682501395946009,236.81846833354902
2026-09-12 09:31:52.674951,SOLAR-BETA-01,205.36539414604943,28.95872637004361,64.88392970827238,0.6752753601333369,215.63366385335192
2026-09-12 09:46:52.674951,SOLAR-BETA-01,239.50506143645555,22.14048575095038,71.69536903462182,0.8047613686291569,251.48031450827833
2026-09-12 10:01:52.674951,SOLAR-BETA-01,287.48138664925114,21.79444172923615,75.99876451374898,1.0085450328936287,301.8554559817137
2026-09-12 10:16:52.674951,SOLAR-BETA-01,255.18411431432645,33.29434847227665,70.22249356249205,0.8395343856072603,267.9433200300428
2026-09-12 10:31:52.674951,SOLAR-BETA-01,262.81892339462627,29.922964474478984,71.84335289852251,0.8960804559152237,275.9598695643576
2026-09-12 10:46:52.674951,SOLAR-BETA-01,263.44926680904524,28.953361593453643,70.48155652378622,0.8969604770065054,276.6217301494975
2026-09-12 11:01:52.674951,SOLAR-BETA-01,291.54601638353995,28.93638146561457,72.67096818567245,0.9586311670805937,306.123317202717
2026-09-12 11:16:52.674951,SOLAR-BETA-01,275.390410530208,27.29787744155533,73.58633992682081,0.9243862611959741,289.1599310567184
2026-09-12 11:31:52.674951,SOLAR-BETA-01,317.8154791390942,35.088879065875325,73.43797739156847,1.0402899476152483,333.7062530960489
2026-09-12 11:46:52.674951,SOLAR-BETA-01,312.7392563416439,25.219541509385785,76.72098820222888,1.0178293367220947,328.37621915872614
2026-09-12 12:01:52.674951,SOLAR-BETA-01,319.03449096051366,27.886311836004598,76.54332104185806,1.077344505869859,334.9862155085394
2026-09-12 12:16:52.674951,SOLAR-BETA-01,272.0667773210147,17.745435357029937,73.43289227854913,0.8927259376269999,285.67011618706545
2026-09-12 12:31:52.674951,SOLAR-BETA-01,282.80431304047517,20.875196567043794,75.63646850210407,0.9571427195879969,296.9445286924989
2026-09-12 12:46:52.674951,SOLAR-BETA-01,300.1750212948274,18.9959050008248,70.38799956428713,0.9578055863099538,315.18377235956876
2026-09-12 13:01:52.674951,SOLAR-BETA-01,298.4301559129329,31.370317917580746,74.09926527739567,1.008747560128337,313.35166370857957
2026-09-12 13:16:52.674951,SOLAR-BETA-01,266.5147771394459,12.23729923989625,69.40448576254312,0.8705180379474787,279.8405159964182
2026-09-12 13:31:52.674951,SOLAR-BETA-01,307.08916652997436,22.98844988623639,71.57382370396964,1.006642654470531,322.4436248564731
2026-09-12 13:46:52.674951,SOLAR-BETA-01,302.2318643903925,10.031466986696886,72.96825653292562,1.0011107695114814,317.34345760991215
2026-09-12 14:01:52.674951,SOLAR-BETA-01,230.39220234991123,20.84356052259055,73.23490771465522,0.7784132008041514,241.9118124674068
2026-09-12 14:16:52.674951,SOLAR-BETA-01,235.78659122871852,22.54525525134067,69.86929074942924,0.7883423652334787,247.57592079015447
2026-09-12 14:31:52.674951,SOLAR-BETA-01,214.91564325462156,31.92435546897022,71.29348505686963,0.7486303039886038,225.66142541735263
2026-09-12 14:46:52.674951,SOLAR-BETA-01,285.1068934306401,26.983139696107287,75.04149062566451,0.9461097915209281,299.36223810217217
2026-09-12 15:01:52.674951,SOLAR-BETA-01,203.53805535164287,20.83429238335517,63.72878739932753,0.673749124044816,213.71495811922503
2026-09-12 15:16:52.674951,SOLAR-BETA-01,230.45000863429806,30.32981859865913,67.2200924321393,0.7661211608495795,241.97250906601298
2026-09-12 15:31:52.674951,SOLAR-BETA-01,149.1570614277998,25.089161272648788,62.03563780666502,0.5286255148728135,156.61491449918978
2026-09-12 15:46:52.674951,SOLAR-BETA-01,145.41783042445527,25.187834293536262,60.794447053980036,0.4973144882344655,152.68872194567805
2026-09-12 16:01:52.674951,SOLAR-BETA-01,136.56945232353374,18.98664246114004,57.70969757823579,0.46214605365508177,143.39792493971044
2026-09-12 16:16:52.674951,SOLAR-BETA-01,121.09182411059584,20.049931430484303,54.01897068265568,0.4012985674604699,127.14641531612564
2026-09-12 16:31:52.674951,SOLAR-BETA-01,111.19113707295453,20.87451350027238,62.63066243951173,0.368504668824475,116.75069392660227
2026-09-12 16:46:52.674951,SOLAR-BETA-01,88.14333124608865,25.23230636577095,53.56214447522127,0.2948147939968959,92.55049780839309
2026-09-12 17:01:52.674951,SOLAR-BETA-01,71.01330439103317,25.389428634903375,51.36076276253247,0.23374135162992357,74.56396961058483
2026-09-12 17:16:52.674951,SOLAR-BETA-01,62.563098683897586,32.72046331762023,51.61407942256376,0.21291368315843875,65.69125361809247
2026-09-12 17:31:52.674951,SOLAR-BETA-01,71.68591513993904,26.92527583968917,23.763836376241336,0.1416431184954464,75.27021089693599
2026-09-12 17:46:52.674951,SOLAR-BETA-01,33.73926393700351,11.46217153163946,22.25077349589079,0.06684385601599406,35.426227133853686
2026-09-12 18:01:52.674951,SOLAR-BETA-01,0.0,26.31320993935845,22.573894572232838,0.0,0.0
2026-09-12 18:16:52.674951,SOLAR-BETA-01,0.0,17.749918219162335,19.750903040627154,0.0,0.0
2026-09-12 18:31:52.674951,SOLAR-BETA-01,0.0,20.17014537694232,17.67457912134448,0.0,0.0
2026-09-12 18:46:52.674951,SOLAR-BETA-01,0.0,20.939152641368352,19.67671241104278,0.0,0.0
2026-09-12 19:01:52.674951,SOLAR-BETA-01,0.0,21.68330838243849,19.071196437180177,0.0,0.0
2026-09-12 19:16:52.674951,SOLAR-BETA-01,0.0,18.124253039798486,22.847797874493704,0.0,0.0
2026-09-12 19:31:52.674951,SOLAR-BETA-01,0.0,26.017410017261437,22.34223812947514,0.0,0.0
2026-09-12 19:46:52.674951,SOLAR-BETA-01,0.0,17.945988574545204,20.2150500008616,0.0,0.0
2026-09-12 20:01:52.674951,SOLAR-BETA-01,0.0,26.783338036249233,17.442528290361487,0.0,0.0
2026-09-12 20:16:52.674951,SOLAR-BETA-01,0.0,36.18485538530815,17.54821547312011,0.0,0.0
2026-09-12 20:31:52.674951,SOLAR-BETA-01,0.0,18.35320470532968,20.030246523169108,0.0,0.0
2026-09-12 20:46:52.674951,SOLAR-BETA-01,0.0,23.57744847830389,20.67264593864256,0.0,0.0
2026-09-12 21:01:52.674951,SOLAR-BETA-01,0.0,12.38271318743765,19.25075436134789,0.0,0.0
2026-09-12 21:16:52.674951,SOLAR-BETA-01,0.0,23.495323535149335,19.039660831585532,0.0,0.0
2026-09-12 21:31:52.674951,SOLAR-BETA-01,0.0,28.21358576315742,18.814401533642705,0.0,0.0
2026-09-12 21:46:52.674951,SOLAR-BETA-01,0.0,28.603196156786336,19.953212079512106,0.0,0.0
2026-09-12 22:01:52.674951,SOLAR-BETA-01,0.0,25.386818651420484,15.23447529585387,0.0,0.0
2026-09-12 22:16:52.674951,SOLAR-BETA-01,0.0,29.446317123794877,17.79734674246058,0.0,0.0
2026-09-12 22:31:52.674951,SOLAR-BETA-01,0.0,37.73027267971396,18.7458983091053,0.0,0.0
2026-09-12 22:46:52.674951,SOLAR-BETA-01,0.0,33.561523437188,22.41500638990384,0.0,0.0
2026-09-12 23:01:52.674951,SOLAR-BETA-01,0.0,22.387395352951817,18.37237271614214,0.0,0.0
2026-09-12 23:16:52.674951,SOLAR-BETA-01,0.0,17.74448006766631,20.36093628366241,0.0,0.0
2026-09-12 23:31:52.674951,SOLAR-BETA-01,0.0,22.969242917130984,20.45308550186199,0.0,0.0
2026-09-12 23:46:52.674951,SOLAR-BETA-01,0.0,20.26508617191326,22.595833011321524,0.0,0.0
2026-09-13 00:01:52.674951,SOLAR-BETA-01,0.0,27.256737739323164,22.5251548139283,0.0,0.0
2026-09-13 00:16:52.674951,SOLAR-BETA-01,0.0,19.09403230285251,19.88499406241017,0.0,0.0
2026-09-13 00:31:52.674951,SOLAR-BETA-01,0.0,24.63588783704829,19.049030517621116,0.0,0.0
2026-09-13 00:46:52.674951,SOLAR-BETA-01,0.0,29.190070272681552,18.67233379434862,0.0,0.0
2026-09-13 01:01:52.674951,SOLAR-BETA-01,0.0,24.496520635914116,19.517873555068437,0.0,0.0
2026-09-13 01:16:52.674951,SOLAR-BETA-01,0.0,20.26843088626102,19.1319332913528,0.0,0.0
