timestamp,asset_id,actual_power,ambient_temp_c,wind_speed_ms,vibration_mm_s
2026-09-07 20:31:52.674951,WIND-OMEGA-03,798.7888412233538,20.903204562260722,5.812054312564046,0.4184384884245218
2026-09-07 20:46:52.674951,WIND-OMEGA-03,1478.0694623601462,11.863432770243485,7.218842183729214,0.6279229978440997
2026-09-07 21:01:52.674951,WIND-OMEGA-03,736.5996197709246,15.226113544999913,5.67909919916062,0.7172788933156712
2026-09-07 21:16:52.674951,WIND-OMEGA-03,1290.145789112721,15.255989509405426,6.96999808670406,1.177537531468038
2026-09-07 21:31:52.674951,WIND-OMEGA-03,78.32579833185292,12.49107903594234,3.0852328210981925,0.9113106249067517
2026-09-07 21:46:52.674951,WIND-OMEGA-03,2148.4002383323905,8.137672260579496,8.431358522598106,0.5329036861800218
2026-09-07 22:01:52.674951,WIND-OMEGA-03,2013.9037945547097,16.61487251808834,7.979353239399579,0.8972072578835275
2026-09-07 22:16:52.674951,WIND-OMEGA-03,884.5994901277556,14.694980140723082,6.011068171557567,0.49053920221232694
2026-09-07 22:31:52.674951,WIND-OMEGA-03,2797.2755906908633,17.50120234718285,9.778464619114049,1.0165382107774148
2026-09-07 22:46:52.674951,WIND-OMEGA-03,3015.096055371858,12.331998467804166,10.549824019358322,0.7057750696364243
2026-09-07 23:01:52.674951,WIND-OMEGA-03,302.90446703229395,21.10410649406524,4.261413424201278,0.7812727622521659
2026-09-07 23:16:52.674951,WIND-OMEGA-03,1076.0076519851368,10.616131093940776,6.446662206374183,1.065159329508438
2026-09-07 23:31:52.674951,WIND-OMEGA-03,1102.0796284503538,23.560201420089463,6.502408492206492,0.5425672862831501
2026-09-07 23:46:52.674951,WIND-OMEGA-03,920.6459859436961,6.2618174508586915,6.145810664262524,0.5205763629774018
2026-09-08 00:01:52.674951,WIND-OMEGA-03,3109.547128173993,17.173850322784457,10.637960486036963,0.6832801347307991
2026-09-08 00:16:52.674951,WIND-OMEGA-03,2019.1375467912912,17.377153412633117,8.146703558058453,1.0076757702038635
2026-09-08 00:31:52.674951,WIND-OMEGA-03,1939.3713487920984,11.022214660295589,8.03516027661413,0.4961307849046315
2026-09-08 00:46:52.674951,WIND-OMEGA-03,181.33535586403949,17.12196968930506,3.750048204950228,0.23356888037788626
2026-09-08 01:01:52.674951,WIND-OMEGA-03,3050.5056420613414,21.397593348800793,10.409482585506826,0.7097682283182003
2026-09-08 01:16:52.674951,WIND-OMEGA-03,765.5688371260629,3.915905803229677,5.781903221471397,0.9103481599821841
2026-09-08 01:31:52.674951,WIND-OMEGA-03,2587.2615318789562,17.51372403745407,9.086775842037447,1.0400523499477659
2026-09-08 01:46:52.674951,WIND-OMEGA-03,3004.109143043947,2.5336458983496115,9.684973643097328,0.7073677275829202
2026-09-08 02:01:52.674951,WIND-OMEGA-03,3305.8164517322743,10.17167598238396,12.445369115771804,0.7177146785767996
2026-09-08 02:16:52.674951,WIND-OMEGA-03,788.1885845877555,23.145831824504725,5.821383422562889,1.0307801468511495
2026-09-08 02:31:52.674951,WIND-OMEGA-03,0.0,12.09108983303973,1.5918064439129422,0.4260516600609159
2026-09-08 02:46:52.674951,WIND-OMEGA-03,2844.7886230746653,9.130600177955138,9.644727990967784,0.7222958449633982
2026-09-08 03:01:52.674951,WIND-OMEGA-03,3327.7262363698214,14.01031135507659,13.728192757125592,0.8380847779850116
2026-09-08 03:16:52.674951,WIND-OMEGA-03,3318.7866144344653,25.33953169081776,12.363317582127133,0.8898437442570069
2026-09-08 03:31:52.674951,WIND-OMEGA-03,3014.5767189764138,5.84158876396987,9.82630065533279,0.6980386613618235
2026-09-08 03:46:52.674951,WIND-OMEGA-03,1935.8935463834061,9.743450441803278,8.10636744610847,0.8068882023411683
2026-09-08 04:01:52.674951,WIND-OMEGA-03,3256.880820830926,22.487158415898133,11.383622074593756,0.3023345293174021
2026-09-08 04:16:52.674951,WIND-OMEGA-03,1277.0934519466985,24.288511717688664,6.959310875698723,0.6683503175332304
2026-09-08 04:31:52.674951,WIND-OMEGA-03,3145.097132998443,14.48284387854858,10.60839076243803,0.8907017425108935
2026-09-08 04:46:52.674951,WIND-OMEGA-03,3074.7058807075746,8.804736487366789,10.702411810350998,0.6035411931490642
2026-09-08 05:01:52.674951,WIND-OMEGA-03,3243.243450465623,25.479217509045796,12.10738724797256,0.8117968443179195
2026-09-08 05:16:52.674951,WIND-OMEGA-03,3280.524065660298,22.972211958745984,16.370995522533093,0.8893745001605396
2026-09-08 05:31:52.674951,WIND-OMEGA-03,3137.404467423892,18.394734938811165,10.464701102800412,0.731490159828447
2026-09-08 05:46:52.674951,WIND-OMEGA-03,2089.5567413467948,10.937988255312899,8.219881715228036,0.8340927541993142
2026-09-08 06:01:52.674951,WIND-OMEGA-03,2659.1498224063353,14.754853295809816,9.433784567813992,0.6074534869430775
2026-09-08 06:16:52.674951,WIND-OMEGA-03,523.6169183460327,14.198199594775847,5.077251408026006,0.7586777440607907
2026-09-08 06:31:52.674951,WIND-OMEGA-03,1747.5692803302848,16.65425652307789,7.762166850545022,0.9220432339178446
2026-09-08 06:46:52.674951,WIND-OMEGA-03,2154.039169161948,22.25500719065668,8.471541369606415,0.8313945921936869
2026-09-08 07:01:52.674951,WIND-OMEGA-03,2016.2649918882491,19.397085205687016,8.17712028488968,0.6826937460872129
2026-09-08 07:16:52.674951,WIND-OMEGA-03,2890.9762994854436,9.613119615076208,9.857630198708753,0.8448432808581586
2026-09-08 07:31:52.674951,WIND-OMEGA-03,1637.5069726487677,21.882482250097688,7.406919873600178,0.9429219581273236
2026-09-08 07:46:52.674951,WIND-OMEGA-03,3303.56510330053,16.565660700065777,12.248620128586138,0.3900117442845044
2026-09-08 08:01:52.674951,WIND-OMEGA-03,2648.9205774321067,18.43532897929458,9.426509135082673,1.0318148129911795
2026-09-08 08:16:52.674951,WIND-OMEGA-03,2673.305075757698,22.332704296393015,9.379595146832617,0.7327490522637856
2026-09-08 08:31:52.674951,WIND-OMEGA-03,2309.4123646601047,9.442098752432244,8.556907276105338,0.8850979866480461
2026-09-08 08:46:52.674951,WIND-OMEGA-03,2975.8008411831606,14.820872106467686,9.735404621133828,1.0394493847290456
2026-09-08 09:01:52.674951,WIND-OMEGA-03,3123.6213715738772,12.342727243203925,11.377990070757214,0.5256652605539068
2026-09-08 09:16:52.674951,WIND-OMEGA-03,1334.5794139354978,7.1607028731727205,7.112319714192805,0.6581117995144907
2026-09-08 09:31:52.674951,WIND-OMEGA-03,1737.2167040820304,16.733549888024598,7.5968955983556965,0.742290260824859
2026-09-08 09:46:52.674951,WIND-OMEGA-03,2208.280609880729,27.55778275792212,8.442115008861943,0.6432492957751144
2026-09-08 10:01:52.674951,WIND-OMEGA-03,769.3578624605032,5.799611277471236,5.793263187714253,1.1469873151673617
2026-09-08 10:16:52.674951,WIND-OMEGA-03,1372.322534713302,14.838596944752648,7.0636432716748985,0.6286455812346414
2026-09-08 10:31:52.674951,WIND-OMEGA-03,1741.3577369785046,18.20271467537387,7.872494301147152,0.6888906441026267
2026-09-08 10:46:52.674951,WIND-OMEGA-03,3214.2696314304785,15.615391008280906,11.197767428969447,0.8408778063205954
2026-09-08 11:01:52.674951,WIND-OMEGA-03,2823.0163541515317,14.434359737421298,9.614517541210892,0.5595700947847823
2026-09-08 11:16:52.674951,WIND-OMEGA-03,2756.655627652707,8.503918182770878,9.38606670944041,0.7208638576487473
2026-09-08 11:31:52.674951,WIND-OMEGA-03,3129.5413682825547,16.163933714700818,10.971062502788541,0.8634906522500351
2026-09-08 11:46:52.674951,WIND-OMEGA-03,2193.604846752745,11.216180114920368,8.43995534722907,0.7334279191234978
2026-09-08 12:01:52.674951,WIND-OMEGA-03,2787.4708666129695,4.050391475107233,9.69705278580516,0.7813226282200104
2026-09-08 12:16:52.674951,WIND-OMEGA-03,2174.8368739027155,20.972961102568654,8.398381121682231,0.6941335775103259
2026-09-08 12:31:52.674951,WIND-OMEGA-03,2602.3147072395177,19.79192909921021,9.253528748962992,0.49710593816384663
2026-09-08 12:46:52.674951,WIND-OMEGA-03,1347.6168237462368,15.258304884255399,7.065162642928769,0.8643186422678477
2026-09-08 13:01:52.674951,WIND-OMEGA-03,0.0,16.145373441028514,2.355311166826502,1.1509866143294483
2026-09-08 13:16:52.674951,WIND-OMEGA-03,1967.7754996448127,20.371590063577806,8.045421257502966,0.8036803261566877
2026-09-08 13:31:52.674951,WIND-OMEGA-03,3314.051001365095,16.121698283890414,11.865339346356892,0.8450528234495099
2026-09-08 13:46:52.674951,WIND-OMEGA-03,3082.5308837018074,19.520087773806573,10.550058788524614,0.938544551023372
2026-09-08 14:01:52.674951,WIND-OMEGA-03,3104.7090888428397,13.51258899563075,10.572885481638254,0.5461339006906603
2026-09-08 14:16:52.674951,WIND-OMEGA-03,3119.3824043689374,21.559918692869733,11.173530944075479,1.1405029316259212
2026-09-08 14:31:52.674951,WIND-OMEGA-03,2044.4553904491343,16.603928629663418,8.227723741416387,0.8404657592845605
2026-09-08 14:46:52.674951,WIND-OMEGA-03,2176.050580212009,15.97025971802937,8.421431789529926,1.1263713798178219
2026-09-08 15:01:52.674951,WIND-OMEGA-03,1051.4573099418835,8.64969455643984,6.305387855111639,0.6533934008952021
2026-09-08 15:16:52.674951,WIND-OMEGA-03,1281.6769276937323,16.434779271508543,6.980149129679505,1.163612384511565
2026-09-08 15:31:52.674951,WIND-OMEGA-03,2717.0301009586174,10.840225412527744,9.230138612999882,0.9550310988069567
2026-09-08 15:46:52.674951,WIND-OMEGA-03,3175.405433401596,11.80858636735753,10.620494979926965,0.9106080171704718
2026-09-08 16:01:52.674951,WIND-OMEGA-03,1436.1614556609495,10.923121858419394,7.18206340468914,0.8468048908706296
2026-09-08 16:16:52.674951,WIND-OMEGA-03,1043.6338676915295,9.668825340503876,6.325051861759927,0.7502942763851101
2026-09-08 16:31:52.674951,WIND-OMEGA-03,1552.2986060402327,25.62385701508481,7.371770317941897,1.0401063316947745
2026-09-08 16:46:52.674951,WIND-OMEGA-03,2430.357515216782,21.656695309942016,8.793600773115207,0.8280719739696094
2026-09-08 17:01:52.674951,WIND-OMEGA-03,165.05820990201155,24.601837510721307,3.601416705471665,0.4065860592825696
2026-09-08 17:16:52.674951,WIND-OMEGA-03,0.0,8.88552490222218,1.3915353146667107,0.5765627076585995
2026-09-08 17:31:52.674951,WIND-OMEGA-03,757.0585100007428,15.356268749554463,5.677170628396299,0.7628308495614506
2026-09-08 17:46:52.674951,WIND-OMEGA-03,215.72203682527504,8.532461873979521,3.923973891654469,0.8619997966331111
2026-09-08 18:01:52.674951,WIND-OMEGA-03,704.0613568556809,11.52152561401468,5.628488711234476,0.7886823022200209
2026-09-08 18:16:52.674951,WIND-OMEGA-03,1063.1548790350691,10.409365082917127,6.453438244223782,1.0437941579587326
2026-09-08 18:31:52.674951,WIND-OMEGA-03,706.7187475126455,21.197920032207808,5.614905433100082,0.40977962719227506
2026-09-08 18:46:52.674951,WIND-OMEGA-03,3036.7168314217424,13.0188516094912,10.305540529300583,0.8287175873010321
2026-09-08 19:01:52.674951,WIND-OMEGA-03,1607.6561423285953,20.34189666847008,7.418904969761551,0.43640415492256907
2026-09-08 19:16:52.674951,WIND-OMEGA-03,1474.1048602365875,18.02060444794259,7.282342624638923,0.9519424590968337
2026-09-08 19:31:52.674951,WIND-OMEGA-03,1923.226354016444,26.518193760523943,8.017344413226752,0.7811082571115995
2026-09-08 19:46:52.674951,WIND-OMEGA-03,156.44972465989255,7.6027788843013795,3.5470811047382487,0.8839219944048237
2026-09-08 20:01:52.674951,WIND-OMEGA-03,2536.9682371080403,21.296166198933996,8.926056912418188,0.6272234078820468
2026-09-08 20:16:52.674951,WIND-OMEGA-03,852.4755252250256,20.732204352003638,6.074862297913834,1.0558929863315503
2026-09-08 20:31:52.674951,WIND-OMEGA-03,1819.453805537012,10.133105809864826,7.878454957632682,1.0083449328117704
2026-09-08 20:46:52.674951,WIND-OMEGA-03,142.94289275953602,20.0356666823658,3.4626751782410734,0.9167088606023776
2026-09-08 21:01:52.674951,WIND-OMEGA-03,0.0,16.680724815131143,2.200166906244196,0.7740965506273119
2026-09-08 21:16:52.674951,WIND-OMEGA-03,1940.9916919656625,13.86261870023296,8.073807006345113,0.9159714570590265
2026-09-08 21:31:52.674951,WIND-OMEGA-03,1233.546976203888,10.880322565140002,6.916988309831578,0.6586214864025303
2026-09-08 21:46:52.674951,WIND-OMEGA-03,178.76578931541292,11.40445274275407,3.6701651542507516,0.9711111318041424
2026-09-08 22:01:52.674951,WIND-OMEGA-03,179.6815595505579,25.24906047892963,3.702995181863499,1.1298961788647843
2026-09-08 22:16:52.674951,WIND-OMEGA-03,2263.377848900138,15.003414094787413,8.645205314868024,1.0141221119958372
2026-09-08 22:31:52.674951,WIND-OMEGA-03,41.09127739599345,18.910650007657296,2.8152338520747415,0.6540795060385182
2026-09-08 22:46:52.674951,WIND-OMEGA-03,2897.2089949533615,11.045503091662233,9.855339792937542,0.8722834634546206
2026-09-08 23:01:52.674951,WIND-OMEGA-03,140.15315707821586,11.100735268891807,3.459812412581557,0.5413716912482704
2026-09-08 23:16:52.674951,WIND-OMEGA-03,1416.7386194349508,20.40992404624971,7.272923816906519,0.9144780622351352
2026-09-08 23:31:52.674951,WIND-OMEGA-03,456.5580059398753,8.252118942242339,4.8239057674228585,0.8901206825725079
2026-09-08 23:46:52.674951,WIND-OMEGA-03,1429.7434052503409,12.923931160473643,7.124907271293509,0.4260367320935672
2026-09-09 00:01:52.674951,WIND-OMEGA-03,295.8328091798885,15.17013705536116,4.231165006100598,0.5676432312175272
2026-09-09 00:16:52.674951,WIND-OMEGA-03,541.2206731066266,15.556863009200262,5.162044585038641,0.7433722206512466
2026-09-09 00:31:52.674951,WIND-OMEGA-03,728.7286137839267,14.104533574919218,5.6520031647528075,0.7398280505718348
2026-09-09 00:46:52.674951,WIND-OMEGA-03,70.61863147028042,16.979098905479617,3.0280475345386058,0.558104612916239
2026-09-09 01:01:52.674951,WIND-OMEGA-03,1559.7510044772598,18.464278779089057,7.372546559880022,0.8777957458704368
2026-09-09 01:16:52.674951,WIND-OMEGA-03,294.977512353539,18.67318772729665,4.227600806704941,0.8502947217881025
2026-09-09 01:31:52.674951,WIND-OMEGA-03,470.1679512495236,10.070980956660867,4.932479287979891,0.7611461736042962
2026-09-09 01:46:52.674951,WIND-OMEGA-03,68.53044156420857,13.579224510356013,3.014656010474071,0.6488416999683274
2026-09-09 02:01:52.674951,WIND-OMEGA-03,0.0,20.97381430938469,0.0,1.0097414252833128
2026-09-09 02:16:52.674951,WIND-OMEGA-03,519.0118165474898,19.47323593786936,5.025695838302562,1.131081422617659
2026-09-09 02:31:52.674951,WIND-OMEGA-03,3282.310595678101,8.135702742594681,11.540984831727524,0.7032877032306926
2026-09-09 02:46:52.674951,WIND-OMEGA-03,1630.6529042524937,16.757399501761007,7.480335266110053,0.6775666165690359
2026-09-09 03:01:52.674951,WIND-OMEGA-03,671.5379266410225,5.108873753125948,5.483234038061612,0.8982415330823993
2026-09-09 03:16:52.674951,WIND-OMEGA-03,479.0718730576849,15.234674510301849,4.889880353139064,0.7283941240506028
2026-09-09 03:31:52.674951,WIND-OMEGA-03,726.7410933250867,24.488835083729885,5.6221313412341125,0.7721205598673532
2026-09-09 03:46:52.674951,WIND-OMEGA-03,1277.1667861929102,10.260536413655068,6.955730032769134,0.9479306303449343
2026-09-09 04:01:52.674951,WIND-OMEGA-03,21.83994079188462,10.82838477254209,2.6609370134724397,0.41812878249854146
2026-09-09 04:16:52.674951,WIND-OMEGA-03,2212.08066496458,18.820148907864297,8.426841052391733,1.063660464970534
2026-09-09 04:31:52.674951,WIND-OMEGA-03,1579.442612182105,7.28599242395177,7.460543742798436,0.8145361048658684
2026-09-09 04:46:52.674951,WIND-OMEGA-03,1602.4017752899654,11.836224850574805,7.501544402956722,0.7177013710875639
2026-09-09 05:01:52.674951,WIND-OMEGA-03,1253.071679720178,17.982205687908763,6.83914047192439,0.7821531691557102
2026-09-09 05:16:52.674951,WIND-OMEGA-03,804.2842703396817,11.828570761552985,5.831685984656104,0.7924858710041038
2026-09-09 05:31:52.674951,WIND-OMEGA-03,1627.7033699087149,13.820150063945142,7.507249069757064,0.45375973931101493
2026-09-09 05:46:52.674951,WIND-OMEGA-03,1537.2774073823234,18.720928551575174,7.3497731915080315,1.0989876454906473
2026-09-09 06:01:52.674951,WIND-OMEGA-03,524.1767011306773,17.107730417682806,5.032895687938706,0.8082651264541237
2026-09-09 06:16:52.674951,WIND-OMEGA-03,380.0269544934979,16.33409198147701,4.534293660323935,0.8886004260894751
2026-09-09 06:31:52.674951,WIND-OMEGA-03,989.13019829131,13.304388603649807,6.2756996840548105,0.9903099541148086
2026-09-09 06:46:52.674951,WIND-OMEGA-03,3003.511783495764,16.850305576344777,9.94874565932523,0.59576750848794
2026-09-09 07:01:52.674951,WIND-OMEGA-03,70.43030262126446,14.381336599501218,3.0358508472805523,0.8946943798070457
2026-09-09 07:16:52.674951,WIND-OMEGA-03,3.2495350120622595,17.289028049628925,2.5244233155273657,0.7464717818202413
2026-09-09 07:31:52.674951,WIND-OMEGA-03,1208.2834007183023,12.51533987441011,6.66685545556595,0.9693541550432988
2026-09-09 07:46:52.674951,WIND-OMEGA-03,1059.360826483237,14.087155128102294,6.445889278853124,0.37455451592970096
2026-09-09 08:01:52.674951,WIND-OMEGA-03,1214.7996471806678,10.05021103723993,6.8176383140630765,0.7801811399517462
2026-09-09 08:16:52.674951,WIND-OMEGA-03,1338.8824225028561,14.82496194996882,7.061573344327451,0.6794358688432077
2026-09-09 08:31:52.674951,WIND-OMEGA-03,826.0835958074578,10.944995681855776,5.962774708766739,0.8864525901268312
2026-09-09 08:46:52.674951,WIND-OMEGA-03,2995.258591669986,9.429767749190034,10.316101764392505,0.8940088374736405
2026-09-09 09:01:52.674951,WIND-OMEGA-03,21.134529650315386,16.293305739276942,2.661305372042204,0.6584748210355948
2026-09-09 09:16:52.674951,WIND-OMEGA-03,395.33333785605197,16.063698879288303,4.665788391539893,0.6575652271647914
2026-09-09 09:31:52.674951,WIND-OMEGA-03,1114.1042500545764,18.914368674742864,6.553585172472769,0.7778669262885342
2026-09-09 09:46:52.674951,WIND-OMEGA-03,37.566045128757736,12.844372152124505,2.7795466792220394,0.6206715545369584
2026-09-09 10:01:52.674951,WIND-OMEGA-03,1080.4165568704218,17.04026423418378,6.524663100323157,0.9683967390904255
2026-09-09 10:16:52.674951,WIND-OMEGA-03,3311.567469333226,17.753987861368316,11.195615375044111,0.7261585599105108
2026-09-09 10:31:52.674951,WIND-OMEGA-03,1437.0163408494134,17.223869039157975,7.172532768750181,0.2186023561356717
2026-09-09 10:46:52.674951,WIND-OMEGA-03,1817.685620396394,10.87173158598929,7.77605524875387,0.7250355886756388
2026-09-09 11:01:52.674951,WIND-OMEGA-03,261.40213038622676,15.746817411355945,4.128360488786184,0.5922912358312056
2026-09-09 11:16:52.674951,WIND-OMEGA-03,805.3554406991356,16.820701480273307,5.817693635580086,0.47374483690781094
2026-09-09 11:31:52.674951,WIND-OMEGA-03,1065.5150732363059,15.03589233453971,6.500658080674543,0.5525146723554856
2026-09-09 11:46:52.674951,WIND-OMEGA-03,1213.9608073878787,4.567611708144577,6.724511707583584,0.8218816943665941
2026-09-09 12:01:52.674951,WIND-OMEGA-03,3166.3445156057514,15.8024481198674,10.803029159218406,1.0657281656496462
2026-09-09 12:16:52.674951,WIND-OMEGA-03,2600.826881550627,26.06265519698621,9.073108660563033,0.8626368947729961
2026-09-09 12:31:52.674951,WIND-OMEGA-03,478.18258938630737,13.199803656215087,4.979910134018773,0.678699322356852
2026-09-09 12:46:52.674951,WIND-OMEGA-03,2159.345563538556,11.359614510723395,8.454075697879535,0.8911808390341406
2026-09-09 13:01:52.674951,WIND-OMEGA-03,2641.715836615148,16.86674279855699,9.16208425060787,0.7081819379562017
2026-09-09 13:16:52.674951,WIND-OMEGA-03,3105.149444666958,16.561891052332857,10.844949571187854,0.6610799261673711
2026-09-09 13:31:52.674951,WIND-OMEGA-03,3298.0379720944156,20.96367582708207,12.023181395203054,0.5691274663534032
2026-09-09 13:46:52.674951,WIND-OMEGA-03,696.9920962164025,8.710659220455561,5.6104284278699765,0.4496342386496562
2026-09-09 14:01:52.674951,WIND-OMEGA-03,964.7899348940472,18.65690126287496,6.196313274471657,0.722015258688111
2026-09-09 14:16:52.674951,WIND-OMEGA-03,537.195800120845,17.952110306257318,5.15364353050225,0.8316106979840264
2026-09-09 14:31:52.674951,WIND-OMEGA-03,1806.254714716705,14.28926731529727,7.785388565820202,0.7806752659970221
2026-09-09 14:46:52.674951,WIND-OMEGA-03,2836.797337144346,16.69343658960845,9.607786083975427,0.7168066144105283
2026-09-09 15:01:52.674951,WIND-OMEGA-03,3151.8747489351204,20.147287407991787,10.980165505679402,0.6108507878606438
2026-09-09 15:16:52.674951,WIND-OMEGA-03,2183.824853244913,19.361576900142254,8.390265517099412,0.9216492383369937
2026-09-09 15:31:52.674951,WIND-OMEGA-03,1832.675959496113,9.284903439631357,7.847103199706659,0.5365736160106831
2026-09-09 15:46:52.674951,WIND-OMEGA-03,2552.1724023012002,19.10079093377742,9.090854050382067,0.9552055827686952
2026-09-09 16:01:52.674951,WIND-OMEGA-03,1151.4102523682561,14.676556974837407,6.686393026938337,0.5995565962146551
2026-09-09 16:16:52.674951,WIND-OMEGA-03,3170.4667043496097,15.364370490077578,14.058841590332099,0.649512952529393
2026-09-09 16:31:52.674951,WIND-OMEGA-03,465.08254368366335,15.365984955008473,4.874442449130328,0.5066429618768646
2026-09-09 16:46:52.674951,WIND-OMEGA-03,2632.6135410930387,14.2487850560087,9.411808296805916,0.6997195706228727
2026-09-09 17:01:52.674951,WIND-OMEGA-03,3306.2927171631263,20.958537485535324,14.063005303479542,0.9950624916955958
2026-09-09 17:16:52.674951,WIND-OMEGA-03,2558.5956561990292,14.58141020075394,9.072606557960917,0.9031256176887914
2026-09-09 17:31:52.674951,WIND-OMEGA-03,2340.136491181325,9.402269358084157,8.629627927779342,0.9956844224056071
2026-09-09 17:46:52.674951,WIND-OMEGA-03,2063.0102360394208,13.032350720151356,8.257653010093762,0.9044285091867872
2026-09-09 18:01:52.674951,WIND-OMEGA-03,2364.912784069503,15.893473584052378,8.744176143231563,0.5792660342939262
2026-09-09 18:16:52.674951,WIND-OMEGA-03,3337.2019168639536,21.146073921485254,12.668442549183432,0.7338421551344886
2026-09-09 18:31:52.674951,WIND-OMEGA-03,190.19827763020953,18.01547342474417,3.7450437123330924,0.6439601741765075
2026-09-09 18:46:52.674951,WIND-OMEGA-03,3320.8662931740632,10.74732360626478,13.143809343867664,1.066114980807808
2026-09-09 19:01:52.674951,WIND-OMEGA-03,786.5244643449278,27.425949583394456,5.782951218302127,0.5606422707147377
2026-09-09 19:16:52.674951,WIND-OMEGA-03,2284.207902399441,16.3238765548899,8.705872301183339,0.9787395378778222
2026-09-09 19:31:52.674951,WIND-OMEGA-03,2150.4933250815893,21.376953689995073,8.32604347595516,0.9785907740217539
2026-09-09 19:46:52.674951,WIND-OMEGA-03,3215.456739958049,14.241427832113855,10.894138673556705,1.1659240403432176
2026-09-09 20:01:52.674951,WIND-OMEGA-03,644.2368941516406,17.666796223527246,5.447957253862903,0.7180626814741006
2026-09-09 20:16:52.674951,WIND-OMEGA-03,3097.1239387103333,19.197342522592024,10.616091147753885,0.9424644319160325
2026-09-09 20:31:52.674951,WIND-OMEGA-03,3297.4057190165763,21.09097355877128,14.535675670219284,1.2563303673077686
2026-09-09 20:46:52.674951,WIND-OMEGA-03,891.6479803522001,20.286841526891124,6.078036634681274,0.6764716646132607
2026-09-09 21:01:52.674951,WIND-OMEGA-03,2976.062242015669,19.360985000364888,9.968117223322936,0.49299195049352806
2026-09-09 21:16:52.674951,WIND-OMEGA-03,1873.21569969695,13.424566344029458,7.84357398476837,0.4239979932184473
2026-09-09 21:31:52.674951,WIND-OMEGA-03,3167.5284254527637,12.141269790219694,10.564715023313797,0.9425424057722663
2026-09-09 21:46:52.674951,WIND-OMEGA-03,2702.450501898395,16.663037551620988,9.546121626319383,0.4233699583882833
2026-09-09 22:01:52.674951,WIND-OMEGA-03,1871.407625382585,19.665640361705346,7.889580484040859,0.7255361894124155
2026-09-09 22:16:52.674951,WIND-OMEGA-03,3216.0799917578547,13.886396496116966,10.70482239944391,0.8874626374077922
2026-09-09 22:31:52.674951,WIND-OMEGA-03,3325.529362365488,20.325859828571932,13.984667349403649,0.8370351073659829
2026-09-09 22:46:52.674951,WIND-OMEGA-03,2584.92588828679,22.263083727430896,8.982022662109227,0.8850889728368345
2026-09-09 23:01:52.674951,WIND-OMEGA-03,3346.3727310995027,10.418395404632902,11.241015056056092,0.8444579711601709
2026-09-09 23:16:52.674951,WIND-OMEGA-03,964.0395585625915,10.8153964810186,6.187657226717029,1.0557731626626787
2026-09-09 23:31:52.674951,WIND-OMEGA-03,1330.093577219339,14.298124705473318,7.005882839364384,0.6095367238522407
2026-09-09 23:46:52.674951,WIND-OMEGA-03,3162.0377435986848,16.538063340945982,10.551076708842746,0.6646009723082937
2026-09-10 00:01:52.674951,WIND-OMEGA-03,3309.562596984395,12.377164931164746,13.050434618332245,0.6454681109458352
2026-09-10 00:16:52.674951,WIND-OMEGA-03,3016.78815992189,21.76101339433572,10.19630580388076,0.966038362372522
2026-09-10 00:31:52.674951,WIND-OMEGA-03,2204.904070092367,17.120334307592255,8.48885239193651,0.9800797176790128
2026-09-10 00:46:52.674951,WIND-OMEGA-03,2722.697053738069,15.197235241203698,9.231105631431495,0.8902450638637017
2026-09-10 01:01:52.674951,WIND-OMEGA-03,873.7005660280994,7.820452380657362,6.065454078047979,1.0366987333779856
2026-09-10 01:16:52.674951,WIND-OMEGA-03,3217.8316294243928,8.420920917862464,10.658641172235603,0.5643918265247239
2026-09-10 01:31:52.674951,WIND-OMEGA-03,3253.427134812462,16.405046251409033,11.306418970430357,1.1334448223102274
2026-09-10 01:46:52.674951,WIND-OMEGA-03,1814.8351578749177,4.3370218692258184,7.921023072329925,1.1046477243424517
2026-09-10 02:01:52.674951,WIND-OMEGA-03,1822.9490923778164,20.063187048220357,7.824314502277007,0.9471243994491494
2026-09-10 02:16:52.674951,WIND-OMEGA-03,2684.92541021338,14.209230778138398,9.60987803855216,1.1563597817542122
2026-09-10 02:31:52.674951,WIND-OMEGA-03,1815.7483708663299,31.215464847973667,7.796824458902076,0.46867535846444525
2026-09-10 02:46:52.674951,WIND-OMEGA-03,2371.9066760993073,26.539581253080552,8.664503183622532,0.6951103727474697
2026-09-10 03:01:52.674951,WIND-OMEGA-03,3260.9045069269646,14.092754653762416,14.01821412815505,0.6529393078636095
2026-09-10 03:16:52.674951,WIND-OMEGA-03,1974.2819812229466,14.468314987343426,8.088382210389657,0.9442958647514688
2026-09-10 03:31:52.674951,WIND-OMEGA-03,1831.5361301639373,19.97790757001015,7.745195892927619,0.5899718520795709
2026-09-10 03:46:52.674951,WIND-OMEGA-03,1286.2784055172783,23.515863049590187,6.955458816286455,0.9514990298674971
2026-09-10 04:01:52.674951,WIND-OMEGA-03,2989.9320508952237,6.8098547128199165,10.366334749919178,1.0741072287993427
2026-09-10 04:16:52.674951,WIND-OMEGA-03,1960.1497552404876,6.068122673226567,7.982720270666347,0.9390405800167999
2026-09-10 04:31:52.674951,WIND-OMEGA-03,1247.3475349638502,11.889825972228092,6.740770935540368,0.8567502047323002
2026-09-10 04:46:52.674951,WIND-OMEGA-03,3240.4763882973016,17.91368791586932,11.59449835230476,0.6024253318198503
2026-09-10 05:01:52.674951,WIND-OMEGA-03,3317.333222666365,17.484367952537987,11.766009632938236,0.6306298067749271
2026-09-10 05:16:52.674951,WIND-OMEGA-03,1184.8961604133262,20.34885727491925,6.640555405509853,1.0499237810593334
2026-09-10 05:31:52.674951,WIND-OMEGA-03,129.8522715137107,9.001512358173459,3.3988460760330526,0.9558698007810665
2026-09-10 05:46:52.674951,WIND-OMEGA-03,3057.073930388539,3.4192806851556163,10.506653993480976,0.7921960961244913
2026-09-10 06:01:52.674951,WIND-OMEGA-03,972.937479810857,19.290070976510727,6.198185400463926,0.716418090846822
2026-09-10 06:16:52.674951,WIND-OMEGA-03,2984.749128187502,10.859018635173827,9.807556000563718,0.3948384253777246
2026-09-10 06:31:52.674951,WIND-OMEGA-03,43.57421792453057,4.907560678056811,2.8264328554205087,0.5858295162631123
2026-09-10 06:46:52.674951,WIND-OMEGA-03,2877.0613476880194,15.725318729796909,9.903481873098576,1.1822838174279449
2026-09-10 07:01:52.674951,WIND-OMEGA-03,395.01510176945794,18.965878441093388,4.564078583101115,0.5439088857995067
2026-09-10 07:16:52.674951,WIND-OMEGA-03,2657.813872078623,14.389714339393613,9.338790798632191,0.8378959642442162
2026-09-10 07:31:52.674951,WIND-OMEGA-03,1586.9365870966583,12.710758069087554,7.467416182709062,1.0014887946390398
2026-09-10 07:46:52.674951,WIND-OMEGA-03,489.5769936438615,14.203188839270467,4.9668476266973824,0.5490154663995415
2026-09-10 08:01:52.674951,WIND-OMEGA-03,1005.8108358675609,13.147086187996086,6.254306261171465,0.8369420949562167
2026-09-10 08:16:52.674951,WIND-OMEGA-03,2525.895925262584,8.259764440299165,8.908260434109627,0.9875831075021311
2026-09-10 08:31:52.674951,WIND-OMEGA-03,1557.5041632334928,11.426596615047842,7.378261637886106,0.8024998643814502
2026-09-10 08:46:52.674951,WIND-OMEGA-03,2245.760093342816,17.606399525069072,8.496239926621795,1.3736806111333537
2026-09-10 09:01:52.674951,WIND-OMEGA-03,3263.1541042730555,16.6083927068825,11.898737458783573,0.466280148224361
2026-09-10 09:16:52.674951,WIND-OMEGA-03,62.776804339346725,15.840299029834101,2.970331637618001,1.0117457059767758
2026-09-10 09:31:52.674951,WIND-OMEGA-03,3005.779188661109,10.024257590733104,10.848261117458701,0.7654396525207072
2026-09-10 09:46:52.674951,WIND-OMEGA-03,1308.2793975971215,14.092484189321665,6.991529480002563,0.954384030967335
2026-09-10 10:01:52.674951,WIND-OMEGA-03,340.9635939048939,4.114674767785726,4.41032522140274,0.8882614303398493
2026-09-10 10:16:52.674951,WIND-OMEGA-03,106.3125800811128,15.89238331942695,3.259500555713891,0.6533687605780008
2026-09-10 10:31:52.674951,WIND-OMEGA-03,884.1609506353155,22.144288539067837,6.041952140667704,0.8457992784918681
2026-09-10 10:46:52.674951,WIND-OMEGA-03,2374.4557063146513,7.629339339789471,8.749929402664957,0.4284197097203426
2026-09-10 11:01:52.674951,WIND-OMEGA-03,916.6620548695954,12.070361633411224,6.059675581014035,0.9206495001142788
2026-09-10 11:16:52.674951,WIND-OMEGA-03,3085.115232401884,16.64553389355065,10.09098124699531,0.8596316931981052
2026-09-10 11:31:52.674951,WIND-OMEGA-03,15.902534752321419,21.264213172137417,2.621606649212547,0.9277320337286206
2026-09-10 11:46:52.674951,WIND-OMEGA-03,928.087896384162,12.758876918499253,6.157783942377202,1.0116236650174302
2026-09-10 12:01:52.674951,WIND-OMEGA-03,65.5848014349067,11.538748353670519,2.997590468401215,0.8735239680419422
2026-09-10 12:16:52.674951,WIND-OMEGA-03,1299.1139322849363,5.155384287919585,6.98042434353129,0.8296178839596553
2026-09-10 12:31:52.674951,WIND-OMEGA-03,2068.5219165882477,15.517190646540532,8.233628382011823,0.6237863326677415
2026-09-10 12:46:52.674951,WIND-OMEGA-03,464.60128253805715,25.21038020071872,4.911953641025649,0.6575558472701899
2026-09-10 13:01:52.674951,WIND-OMEGA-03,0.0,16.38679230982338,0.0,1.0373469240354662
2026-09-10 13:16:52.674951,WIND-OMEGA-03,1038.7645087320852,14.888605104081433,6.363607447610768,1.0872670811411957
2026-09-10 13:31:52.674951,WIND-OMEGA-03,1295.9995096939772,16.61041155383493,6.913170996218096,0.7523779127375892
2026-09-10 13:46:52.674951,WIND-OMEGA-03,1203.2364529337217,14.94453998025699,6.789845336028117,0.8092005494506549
2026-09-10 14:01:52.674951,WIND-OMEGA-03,2477.436410714029,10.934928138699352,8.829111863180943,0.6190771250012468
2026-09-10 14:16:52.674951,WIND-OMEGA-03,69.30398606199981,19.116399578388528,3.0253975908398143,1.034551369053489
2026-09-10 14:31:52.674951,WIND-OMEGA-03,1547.477127569458,16.12880761555877,7.369833757837319,0.9330833647383558
2026-09-10 14:46:52.674951,WIND-OMEGA-03,2340.3706780252546,15.088066259668286,8.619764468159593,1.1882434872927499
2026-09-10 15:01:52.674951,WIND-OMEGA-03,0.0,10.123169863608751,1.1642188757743124,0.6243353845640522
2026-09-10 15:16:52.674951,WIND-OMEGA-03,1045.311641774673,21.517539659673794,6.385044170574232,0.7243984201963566
2026-09-10 15:31:52.674951,WIND-OMEGA-03,307.98008049244794,18.32351372666555,4.303766210270479,0.8462891845051145
2026-09-10 15:46:52.674951,WIND-OMEGA-03,616.6479247028468,12.235395813163489,5.341819551807993,0.9292979075451542
2026-09-10 16:01:52.674951,WIND-OMEGA-03,1038.215360003238,20.009124268409685,6.399367013558715,0.7568664724904736
2026-09-10 16:16:52.674951,WIND-OMEGA-03,305.52087253538593,12.512145808073964,4.299817904503611,0.6254077819092599
2026-09-10 16:31:52.674951,WIND-OMEGA-03,200.5087791335932,11.089982537444815,3.8195163014938296,0.9762815057847143
2026-09-10 16:46:52.674951,WIND-OMEGA-03,686.5943334331964,11.201484412598564,5.588263023244478,0.9442270725091164
2026-09-10 17:01:52.674951,WIND-OMEGA-03,36.867546312473905,6.144657234559544,2.782070391874861,0.6167451798872551
2026-09-10 17:16:52.674951,WIND-OMEGA-03,37.554991895131224,17.35771190209103,2.786137787223193,1.0710885602210993
2026-09-10 17:31:52.674951,WIND-OMEGA-03,1433.1185852235678,5.84427560830825,7.202860470338425,1.0340397418393208
2026-09-10 17:46:52.674951,WIND-OMEGA-03,18.308526191098693,8.857780843671186,2.6393741259016865,0.8268592994495586
2026-09-10 18:01:52.674951,WIND-OMEGA-03,1429.4683652419524,4.622059954607334,7.187266580133993,0.8159195724752073
2026-09-10 18:16:52.674951,WIND-OMEGA-03,1188.6551777604411,14.569651536045535,6.691267572662874,0.9108115542231815
2026-09-10 18:31:52.674951,WIND-OMEGA-03,0.0,14.24839769864064,1.2367330608617197,0.6276593859487484
2026-09-10 18:46:52.674951,WIND-OMEGA-03,207.9552428626105,13.36651893406818,3.8769288849600456,0.8060062958328165
2026-09-10 19:01:52.674951,WIND-OMEGA-03,2222.118063920558,9.787111526647118,8.578803280472117,0.36952329107816395
2026-09-10 19:16:52.674951,WIND-OMEGA-03,91.5030242356724,9.1388312328168,3.166367382572222,0.9752911291005871
2026-09-10 19:31:52.674951,WIND-OMEGA-03,356.07554028774996,17.32184931773287,4.487042810661382,0.48770135551162813
2026-09-10 19:46:52.674951,WIND-OMEGA-03,1234.9940533902964,12.247240341457562,6.8349525599048455,1.1006839656857998
2026-09-10 20:01:52.674951,WIND-OMEGA-03,1693.2468458477422,16.581791607680724,7.672947072707803,0.7339759812067099
2026-09-10 20:16:52.674951,WIND-OMEGA-03,525.7173138854405,10.573756569378887,5.123161981642838,0.7576666036137647
2026-09-10 20:31:52.674951,WIND-OMEGA-03,306.9986975228357,15.905313713855412,4.298579737472423,0.6744532187830989
2026-09-10 20:46:52.674951,WIND-OMEGA-03,2718.726507298186,21.516390186580317,9.391368732130621,0.7423922252155848
2026-09-10 21:01:52.674951,WIND-OMEGA-03,3058.7460517673344,17.930829001963918,10.228455707798124,1.0837062690296073
2026-09-10 21:16:52.674951,WIND-OMEGA-03,2126.228420912936,12.937930908917599,8.376714258542643,0.3024382686929841
2026-09-10 21:31:52.674951,WIND-OMEGA-03,939.6858607451105,16.285994851779638,6.193749503963767,1.0553930772176376
2026-09-10 21:46:52.674951,WIND-OMEGA-03,230.11698774422862,13.796674127348934,4.013115560363931,0.8676046962203416
2026-09-10 22:01:52.674951,WIND-OMEGA-03,234.37683309567578,15.039400923473641,4.013349613950624,0.558595670428557
2026-09-10 22:16:52.674951,WIND-OMEGA-03,1562.5217794815867,13.371944739257483,7.453692273662167,0.5849375213901524
2026-09-10 22:31:52.674951,WIND-OMEGA-03,1487.4485019653723,14.178323970573045,7.253521483435158,1.1352786054416406
2026-09-10 22:46:52.674951,WIND-OMEGA-03,2770.3115266084033,16.060466765370876,9.773717311591323,0.6108986240114538
2026-09-10 23:01:52.674951,WIND-OMEGA-03,1876.654320035742,10.033206502090247,7.960017038166234,0.5693298978808081
2026-09-10 23:16:52.674951,WIND-OMEGA-03,18.88809096204601,9.920605865050108,2.6422350379211528,1.0274629084729459
2026-09-10 23:31:52.674951,WIND-OMEGA-03,2592.373596158905,8.057287230843944,9.097615749889156,0.8677105752571829
2026-09-10 23:46:52.674951,WIND-OMEGA-03,255.14484543736978,6.9986444774814505,4.042064060148684,0.6124148846927202
2026-09-11 00:01:52.674951,WIND-OMEGA-03,735.4433327362741,8.913586538897604,5.648302799721738,0.8433249950809238
2026-09-11 00:16:52.674951,WIND-OMEGA-03,1471.71125188447,15.797312534020646,7.306179209558479,0.5948494632719445
2026-09-11 00:31:52.674951,WIND-OMEGA-03,3243.8730089594987,10.53606242254058,11.743611130050438,1.0201642796845212
2026-09-11 00:46:52.674951,WIND-OMEGA-03,3182.7677419912143,17.56807232115548,14.604200025015338,1.0122741929746268
2026-09-11 01:01:52.674951,WIND-OMEGA-03,2175.238381197192,15.173568743762809,8.422249626961335,0.9064012397643887
2026-09-11 01:16:52.674951,WIND-OMEGA-03,1081.9609009807377,5.157478932809731,6.524443758037623,0.8723322122494034
2026-09-11 01:31:52.674951,WIND-OMEGA-03,2202.213426751808,18.274877921108448,8.39652406635221,1.1522376249734747
2026-09-11 01:46:52.674951,WIND-OMEGA-03,2664.9364453469484,19.05399322795855,9.357929462476951,0.7999372654776451
2026-09-11 02:01:52.674951,WIND-OMEGA-03,1047.8468445412495,10.030686625825734,6.416232962123107,0.5636251749158399
2026-09-11 02:16:52.674951,WIND-OMEGA-03,3211.4952539417104,17.10095771447496,11.78549465097527,0.8898947825664614
2026-09-11 02:31:52.674951,WIND-OMEGA-03,1951.3870982425697,10.717508812954005,7.952532704896153,1.2172094099074229
2026-09-11 02:46:52.674951,WIND-OMEGA-03,2338.9043485526126,15.488351883741677,8.701800066989097,0.5970481013628296
2026-09-11 03:01:52.674951,WIND-OMEGA-03,2724.14605194554,8.677507965225171,9.20240786802573,0.7277074466612029
2026-09-11 03:16:52.674951,WIND-OMEGA-03,2373.1527345635723,6.034467737327116,8.67165826921274,0.8832892076202906
2026-09-11 03:31:52.674951,WIND-OMEGA-03,2909.8195333217313,13.085914051935157,9.79494846166458,0.7892190301988522
2026-09-11 03:46:52.674951,WIND-OMEGA-03,973.2570758394158,14.38135526862582,6.2340523304649675,0.6035392839245372
2026-09-11 04:01:52.674951,WIND-OMEGA-03,1079.2185328253438,13.01160153192698,6.460573782117022,1.0243715712460943
2026-09-11 04:16:52.674951,WIND-OMEGA-03,540.3120604373157,9.079847208887202,5.184513118899213,1.2640081444034519
2026-09-11 04:31:52.674951,WIND-OMEGA-03,2574.4039895869228,13.000504689344314,9.111523776098506,0.8392262918047815
2026-09-11 04:46:52.674951,WIND-OMEGA-03,3028.9315198910404,16.34647376290367,10.037160342089152,0.6191863420528
2026-09-11 05:01:52.674951,WIND-OMEGA-03,2671.5259612546815,14.775534849387315,9.310352262552234,0.490207894989305
2026-09-11 05:16:52.674951,WIND-OMEGA-03,3188.8857409623306,15.912505152996067,12.427182590738566,0.8515951962442362
2026-09-11 05:31:52.674951,WIND-OMEGA-03,2100.399609474502,11.649423997728835,8.300802751060594,1.0207754686632515
2026-09-11 05:46:52.674951,WIND-OMEGA-03,3085.360251460516,20.858589573580797,10.059179504251862,0.8950335492990764
2026-09-11 06:01:52.674951,WIND-OMEGA-03,778.6376137995902,9.119133317226098,5.729180516318532,0.7995192318162293
2026-09-11 06:16:52.674951,WIND-OMEGA-03,1650.7397125458788,17.437801485433592,7.560251353224505,0.6821456696421389
2026-09-11 06:31:52.674951,WIND-OMEGA-03,3105.317556701842,20.90945546479981,10.334761727157526,0.5815672734563821
2026-09-11 06:46:52.674951,WIND-OMEGA-03,3128.1960758665737,17.40454046374448,10.784829066894364,0.9669502652649765
2026-09-11 07:01:52.674951,WIND-OMEGA-03,1843.8680704064043,13.98737886467585,7.9914463498506185,0.9827543242771172
2026-09-11 07:16:52.674951,WIND-OMEGA-03,2253.8164264508046,12.358514766685104,8.609685727766761,0.4908540426618534
2026-09-11 07:31:52.674951,WIND-OMEGA-03,530.7808029098046,20.18043825523128,5.054249739668119,1.117967795636137
2026-09-11 07:46:52.674951,WIND-OMEGA-03,1912.5187351250106,7.8851253736916345,8.014444689665401,0.9148142441788003
2026-09-11 08:01:52.674951,WIND-OMEGA-03,3197.8186517577274,10.149378698101781,11.18879922804723,1.0799189290291586
2026-09-11 08:16:52.674951,WIND-OMEGA-03,3056.5099892037692,13.012211172541393,10.454327865188228,0.531574450302977
2026-09-11 08:31:52.674951,WIND-OMEGA-03,3159.6053374429853,21.18826878755999,10.319018121983827,0.5268351689169122
2026-09-11 08:46:52.674951,WIND-OMEGA-03,2730.076296074186,16.89883818020448,9.240309039783606,0.7702061380465407
2026-09-11 09:01:52.674951,WIND-OMEGA-03,2734.162392486106,10.159771207448774,9.179458296753484,0.9005568853790389
2026-09-11 09:16:52.674951,WIND-OMEGA-03,1643.9808071982036,13.448461473075481,7.5542539390452,1.1592721645853927
2026-09-11 09:31:52.674951,WIND-OMEGA-03,3218.216958704249,11.928384279518529,10.992645556382904,0.9412157827630263
2026-09-11 09:46:52.674951,WIND-OMEGA-03,2955.110587160039,11.451055038832324,10.335720835870118,0.7514637446375934
2026-09-11 10:01:52.674951,WIND-OMEGA-03,3188.101202455396,19.894447792783897,10.54818523843507,0.5947261584668216
2026-09-11 10:16:52.674951,WIND-OMEGA-03,1890.7178301279696,8.141284353682472,8.034980354232555,1.04600011454383
2026-09-11 10:31:52.674951,WIND-OMEGA-03,231.28361049953753,23.043904278671867,3.9956679175194347,0.6070589148498571
2026-09-11 10:46:52.674951,WIND-OMEGA-03,3200.074118992908,19.141148450923115,12.147846654655233,1.1256937109544645
2026-09-11 11:01:52.674951,WIND-OMEGA-03,2034.4351804855103,20.45430835301849,8.230751130712722,0.7431230700786982
2026-09-11 11:16:52.674951,WIND-OMEGA-03,1467.6739983352197,12.685302439873709,7.2906887436934475,1.1181164145235702
2026-09-11 11:31:52.674951,WIND-OMEGA-03,3174.9916820125095,14.250296404604454,11.197980528105273,0.9357862580118557
2026-09-11 11:46:52.674951,WIND-OMEGA-03,2202.0876011956993,7.83424092737644,8.497751703010023,0.7726009021115083
2026-09-11 12:01:52.674951,WIND-OMEGA-03,3235.6784701681104,12.376687964665985,12.137947593536063,0.6961207256347747
2026-09-11 12:16:52.674951,WIND-OMEGA-03,3256.883164906505,17.468274238215756,11.037751532719888,0.731818424530784
2026-09-11 12:31:52.674951,WIND-OMEGA-03,3143.6968340360504,21.48031530890698,11.208085234608166,0.8856633384750475
2026-09-11 12:46:52.674951,WIND-OMEGA-03,901.2216039404232,9.464215915987742,6.0849868541229295,0.8154312992435434
2026-09-11 13:01:52.674951,WIND-OMEGA-03,3364.4041299786772,13.17247031507367,12.527238091636113,0.681237718386259
2026-09-11 13:16:52.674951,WIND-OMEGA-03,2972.621220969647,14.243503898837389,10.144798255133628,0.7668737179364736
2026-09-11 13:31:52.674951,WIND-OMEGA-03,2232.3331892049027,8.021053989037574,8.559573845969675,0.81571540594383
2026-09-11 13:46:52.674951,WIND-OMEGA-03,2883.349215489049,17.956746208792,9.829147901257041,0.3742531811170376
2026-09-11 14:01:52.674951,WIND-OMEGA-03,512.1908415839002,11.380048341286955,5.014833380198485,0.8916336229577397
2026-09-11 14:16:52.674951,WIND-OMEGA-03,3087.8911695641714,14.02304824411488,10.458657414495168,0.6040557550566387
2026-09-11 14:31:52.674951,WIND-OMEGA-03,1233.7962822914421,12.740253140440611,6.842089280349698,0.569333519358851
2026-09-11 14:46:52.674951,WIND-OMEGA-03,870.6220464030331,11.053307471401627,6.009258288041703,0.46253113057785794
2026-09-11 15:01:52.674951,WIND-OMEGA-03,681.968076369438,14.964775072597227,5.557414762787499,0.44122150042642194
2026-09-11 15:16:52.674951,WIND-OMEGA-03,3315.3473290778907,13.921952107159889,12.114419530731965,0.5289104993775422
2026-09-11 15:31:52.674951,WIND-OMEGA-03,1765.5448136630728,13.140710588606673,7.725982285746124,0.6581958084739019
2026-09-11 15:46:52.674951,WIND-OMEGA-03,3279.684640904834,11.357691891598286,13.097012434003469,1.1906518275053137
2026-09-11 16:01:52.674951,WIND-OMEGA-03,1814.098387643499,16.597623353914777,7.8839106456348,0.6948240648209593
2026-09-11 16:16:52.674951,WIND-OMEGA-03,463.65400691855143,23.268086342461423,4.9129723980196545,0.8355500212536063
2026-09-11 16:31:52.674951,WIND-OMEGA-03,1028.4164364954527,15.699436164195637,6.345308561636694,0.8800962773012658
2026-09-11 16:46:52.674951,WIND-OMEGA-03,3353.346080200395,19.980591074555644,12.178772335634525,0.8262130372431697
2026-09-11 17:01:52.674951,WIND-OMEGA-03,2291.6922573485676,8.048890374232688,8.649568815621477,0.7845113078548013
2026-09-11 17:16:52.674951,WIND-OMEGA-03,1701.476536312577,15.788807196468847,7.616194541030362,0.5609412472801512
2026-09-11 17:31:52.674951,WIND-OMEGA-03,2571.489568617049,9.513158405144667,9.332168583105432,1.0901855096558424
2026-09-11 17:46:52.674951,WIND-OMEGA-03,2964.8361101928595,7.615375362340493,10.129489813081289,1.161439328727577
2026-09-11 18:01:52.674951,WIND-OMEGA-03,3239.1959012447,11.303142962704818,11.609231382852084,0.46346826117546286
2026-09-11 18:16:52.674951,WIND-OMEGA-03,3219.7296212525926,20.959496672067864,12.375570450215006,0.5951942818227242
2026-09-11 18:31:52.674951,WIND-OMEGA-03,1756.6061444723775,19.750079143348227,7.791474095511172,0.7440379315245989
2026-09-11 18:46:52.674951,WIND-OMEGA-03,599.572592822265,16.215023610272,5.310437007571849,0.6070924410179618
2026-09-11 19:01:52.674951,WIND-OMEGA-03,1641.2345122471434,7.336497200550346,7.524745959613383,0.9011931106911731
2026-09-11 19:16:52.674951,WIND-OMEGA-03,2591.427216141661,14.018596743060316,9.140262747748173,0.6543455595186775
2026-09-11 19:31:52.674951,WIND-OMEGA-03,823.8848125079926,16.50850004450868,6.009727346812276,1.2330112135613205
2026-09-11 19:46:52.674951,WIND-OMEGA-03,805.7352024209921,15.87768114789299,5.954334254242949,1.0381097188687192
2026-09-11 20:01:52.674951,WIND-OMEGA-03,2566.696217067854,5.781032082596271,9.133407329748714,0.842514806126443
2026-09-11 20:16:52.674951,WIND-OMEGA-03,1980.7408684677084,10.54841075990064,8.077789729465055,1.0053972526639465
2026-09-11 20:31:52.674951,WIND-OMEGA-03,1930.7553449493143,14.679611179256417,8.205772667108578,1.0211800848714618
2026-09-11 20:46:52.674951,WIND-OMEGA-03,918.4434168087546,17.68145454758595,6.150899493666251,0.6872105023883514
2026-09-11 21:01:52.674951,WIND-OMEGA-03,1537.4534851133242,4.019360894500268,7.3936148816498175,0.6367565510916071
2026-09-11 21:16:52.674951,WIND-OMEGA-03,725.4134788101416,14.189380122600708,5.58075834297139,0.8156286125939295
2026-09-11 21:31:52.674951,WIND-OMEGA-03,2955.824796613074,15.715243849394762,10.037933194041525,0.9723272248995889
2026-09-11 21:46:52.674951,WIND-OMEGA-03,3067.504518623862,19.248059942581065,10.32115462773325,0.8278120797306836
2026-09-11 22:01:52.674951,WIND-OMEGA-03,72.43801279005736,18.464287921187182,3.0377814641814096,0.48460070356180057
2026-09-11 22:16:52.674951,WIND-OMEGA-03,560.5984527954664,17.912856594044026,5.249447645553962,0.6394351112098315
2026-09-11 22:31:52.674951,WIND-OMEGA-03,192.95982625384678,11.000297466490329,3.751757720592152,0.7852054272811244
2026-09-11 22:46:52.674951,WIND-OMEGA-03,784.3679240545179,5.459989314383462,5.787888198136997,0.784866879134834
2026-09-11 23:01:52.674951,WIND-OMEGA-03,1408.0391118031464,13.034736214692995,7.12436010874964,1.1945084353579616
2026-09-11 23:16:52.674951,WIND-OMEGA-03,183.13819815313485,20.0081591260428,3.6291172913801177,0.5228024115202003
2026-09-11 23:31:52.674951,WIND-OMEGA-03,441.2886969509458,21.96727263762216,4.869252477680903,0.901117848367175
2026-09-11 23:46:52.674951,WIND-OMEGA-03,398.79106346577146,18.552745511488926,4.585204030123196,1.097822621665658
2026-09-12 00:01:52.674951,WIND-OMEGA-03,1628.440329833214,17.14670411400867,7.535111589822651,1.2542899490845594
2026-09-12 00:16:52.674951,WIND-OMEGA-03,1395.0488784098425,16.898198241929826,7.112925802675628,0.7191205153632078
2026-09-12 00:31:52.674951,WIND-OMEGA-03,515.8537075283516,12.219406266196097,5.058742943624521,0.8982858905440401
2026-09-12 00:46:52.674951,WIND-OMEGA-03,1444.0747994004028,14.3496985322319,7.229683886821451,0.9139520714397295
2026-09-12 01:01:52.674951,WIND-OMEGA-03,613.7479609401471,23.345347629131656,5.346620583465273,0.8390963463106582
2026-09-12 01:16:52.674951,WIND-OMEGA-03,849.4536474024601,10.287209971040618,5.961135675033247,0.7802309597521389
2026-09-12 01:31:52.674951,WIND-OMEGA-03,3048.3739939346633,23.07389395354926,10.752237228916036,0.8871950779000093
2026-09-12 01:46:52.674951,WIND-OMEGA-03,2949.0895250801814,13.389859227539707,9.849589192323533,0.29355078295606296
2026-09-12 02:01:52.674951,WIND-OMEGA-03,95.0542259726727,21.62716054547539,3.1809217456202648,0.9364138980125263
2026-09-12 02:16:52.674951,WIND-OMEGA-03,2138.7696435561083,7.965924952512308,8.437362997273889,0.8252355807323934
2026-09-12 02:31:52.674951,WIND-OMEGA-03,2099.6506515955944,17.929521005823247,8.326506656310894,0.755505020644347
2026-09-12 02:46:52.674951,WIND-OMEGA-03,129.27536364490544,11.31614932026189,3.364270998645019,1.2093724391439116
2026-09-12 03:01:52.674951,WIND-OMEGA-03,2030.4786557429081,7.923664040379062,8.220819242375715,0.6650131962418896
2026-09-12 03:16:52.674951,WIND-OMEGA-03,2973.914442423879,16.092670212054728,9.959780868831995,0.7193848021869939
2026-09-12 03:31:52.674951,WIND-OMEGA-03,105.98933590431098,20.047358942979844,3.251889668425472,1.1983106604409468
2026-09-12 03:46:52.674951,WIND-OMEGA-03,185.94485784345267,10.775292807032518,3.710110984957767,0.6335877390300287
2026-09-12 04:01:52.674951,WIND-OMEGA-03,2255.5231404489446,7.504920197707994,8.496041151522396,0.6899769434126922
2026-09-12 04:16:52.674951,WIND-OMEGA-03,1168.1314128430342,14.540776178325224,6.581131793244679,0.7705949153138301
2026-09-12 04:31:52.674951,WIND-OMEGA-03,1453.9655851605237,14.562823356114095,7.23415631831335,0.9681468964259099
2026-09-12 04:46:52.674951,WIND-OMEGA-03,1179.7135638500633,17.741598137772492,6.662652243285036,0.8415605014706627
2026-09-12 05:01:52.674951,WIND-OMEGA-03,1205.1706027261512,19.747972856822443,6.746345167755856,0.5414749305695474
2026-09-12 05:16:52.674951,WIND-OMEGA-03,0.0,14.70292409363753,2.414630574963888,0.6935662873745622
2026-09-12 05:31:52.674951,WIND-OMEGA-03,2080.0068281936183,24.277516573971315,8.313152371596425,0.6785291133575577
2026-09-12 05:46:52.674951,WIND-OMEGA-03,2315.2752579515127,16.12117372267646,8.585779721932498,0.784555790955391
2026-09-12 06:01:52.674951,WIND-OMEGA-03,514.1266058737315,13.267867469965502,5.058227033485137,0.8851687317259659
2026-09-12 06:16:52.674951,WIND-OMEGA-03,674.149327140868,6.94216320448586,5.495911536992219,0.8836411511775945
2026-09-12 06:31:52.674951,WIND-OMEGA-03,0.0,13.686702398419161,1.7527795661942656,0.4447976491903196
2026-09-12 06:46:52.674951,WIND-OMEGA-03,1254.786630042212,13.318065272944319,6.845212655058219,1.0127881975121713
2026-09-12 07:01:52.674951,WIND-OMEGA-03,1303.962721145679,19.80152398140735,6.97186352931277,0.8505137691993248
2026-09-12 07:16:52.674951,WIND-OMEGA-03,632.5709053931154,17.31241812033427,5.371531940252064,1.0769064095187812
2026-09-12 07:31:52.674951,WIND-OMEGA-03,2185.491093433253,9.103154391836913,8.326351465833064,0.8888396654581344
2026-09-12 07:46:52.674951,WIND-OMEGA-03,416.4360801757865,15.861271932055187,4.6719211356689225,1.0202645915471524
2026-09-12 08:01:52.674951,WIND-OMEGA-03,1302.2767934946166,18.357655858645266,6.913476156364201,0.8933090622900255
2026-09-12 08:16:52.674951,WIND-OMEGA-03,58.970896897758,22.640156796939163,2.9508568815246963,1.0692451512405496
2026-09-12 08:31:52.674951,WIND-OMEGA-03,643.9338119778592,19.437519837070298,5.442406117647529,0.9044501272035558
2026-09-12 08:46:52.674951,WIND-OMEGA-03,530.3085517375097,18.80423327155739,5.069879958709302,0.7804169507114193
2026-09-12 09:01:52.674951,WIND-OMEGA-03,909.0975285025995,15.300429973075818,6.07671766489398,1.2544869440893764
2026-09-12 09:16:52.674951,WIND-OMEGA-03,401.00602613250754,16.941560027117248,4.600503602452944,0.9778074244559785
2026-09-12 09:31:52.674951,WIND-OMEGA-03,564.2171019119924,21.247524503530794,5.20968584415895,0.9147488842008826
2026-09-12 09:46:52.674951,WIND-OMEGA-03,1680.9326681656262,8.336113012601752,7.620682453399719,0.5447391166923328
2026-09-12 10:01:52.674951,WIND-OMEGA-03,347.0052820892195,13.25280336391522,4.483974283612904,0.5423384765072925
2026-09-12 10:16:52.674951,WIND-OMEGA-03,0.0,11.137156256218796,1.582852998594025,0.8585430964283707
2026-09-12 10:31:52.674951,WIND-OMEGA-03,3029.073469571967,16.89576559363062,9.999719303862285,0.8291042395536482
2026-09-12 10:46:52.674951,WIND-OMEGA-03,2563.5617313594485,21.151110878253938,9.108868945902998,0.6771754869983369
2026-09-12 11:01:52.674951,WIND-OMEGA-03,0.0,12.01512856639463,2.45701428856721,0.828196539922412
2026-09-12 11:16:52.674951,WIND-OMEGA-03,1579.64796384967,3.0484781626528097,7.447288787033877,1.1177253856087193
2026-09-12 11:31:52.674951,WIND-OMEGA-03,366.3583141915225,12.93889627487765,4.503784789063083,0.9390804949100597
2026-09-12 11:46:52.674951,WIND-OMEGA-03,1046.3695356760777,19.567368660087034,6.460935028297989,0.5717982980494524
2026-09-12 12:01:52.674951,WIND-OMEGA-03,1128.572832150657,17.688149514749398,6.5814995732586095,0.7776982345714113
2026-09-12 12:16:52.674951,WIND-OMEGA-03,569.9227313985326,17.140931239052883,5.306298770034759,0.6390067038294879
2026-09-12 12:31:52.674951,WIND-OMEGA-03,227.1555141027408,13.6000334906276,3.9818653921288742,0.7224600167182877
2026-09-12 12:46:52.674951,WIND-OMEGA-03,291.50131744889427,8.604846318901068,4.266391833919398,0.7172768668740714
2026-09-12 13:01:52.674951,WIND-OMEGA-03,195.36606691170968,17.576471608122336,3.7561505448148895,0.7044708834791991
2026-09-12 13:16:52.674951,WIND-OMEGA-03,240.83714540028777,10.828590949826875,4.023295090233041,0.5489729256053211
2026-09-12 13:31:52.674951,WIND-OMEGA-03,863.578654017902,25.920483666902282,5.9933692702138135,0.774469063696362
2026-09-12 13:46:52.674951,WIND-OMEGA-03,355.6884730400741,17.85253604177258,4.432529608584448,0.687878472630538
2026-09-12 14:01:52.674951,WIND-OMEGA-03,1871.6892236838805,12.096758487230245,7.98972717375956,0.21411026199954641
2026-09-12 14:16:52.674951,WIND-OMEGA-03,3089.890627647105,11.943073763056859,10.067332011339934,1.2105944049003328
2026-09-12 14:31:52.674951,WIND-OMEGA-03,494.9647449999917,14.535278966932058,4.965551526206967,1.0177539308433345
2026-09-12 14:46:52.674951,WIND-OMEGA-03,1362.4722366915776,13.80249038989125,7.082405519519964,0.7247398550150008
2026-09-12 15:01:52.674951,WIND-OMEGA-03,1837.7646488657385,20.584168877649773,7.802948755796896,0.8037638099481197
2026-09-12 15:16:52.674951,WIND-OMEGA-03,1758.443904638158,15.932080848720231,7.805103262452471,0.5656691305364877
2026-09-12 15:31:52.674951,WIND-OMEGA-03,1247.2296999132295,11.34184130545736,6.88775263200503,1.1391445755621732
2026-09-12 15:46:52.674951,WIND-OMEGA-03,2280.0540557458917,24.45220342577891,8.628625778655858,1.1794577389546224
2026-09-12 16:01:52.674951,WIND-OMEGA-03,1926.4855136544916,15.246541657601114,8.05276683059351,0.831338745649305
2026-09-12 16:16:52.674951,WIND-OMEGA-03,198.54219182514325,18.844198379844485,3.8292617285464425,1.0047061288370691
2026-09-12 16:31:52.674951,WIND-OMEGA-03,2679.4125472991486,11.958867462776205,9.173507389595319,0.8350573557867849
2026-09-12 16:46:52.674951,WIND-OMEGA-03,2654.5326144914666,16.815578138722618,9.296845876758358,0.5326549122248139
2026-09-12 17:01:52.674951,WIND-OMEGA-03,589.5439766929237,16.555549955715975,5.249081902400032,0.7176353262072686
2026-09-12 17:16:52.674951,WIND-OMEGA-03,1499.5315570675214,5.551753539519236,7.331370581461757,0.8263855933543914
2026-09-12 17:31:52.674951,WIND-OMEGA-03,2458.6049370791325,25.0763755523032,9.024500497927338,0.7090904562513112
2026-09-12 17:46:52.674951,WIND-OMEGA-03,1268.064634452477,21.453222304612737,6.872840745653713,0.7562693445129929
2026-09-12 18:01:52.674951,WIND-OMEGA-03,2891.666265177702,13.014023419270062,10.158684536709163,0.7817200884981772
2026-09-12 18:16:52.674951,WIND-OMEGA-03,3295.470152958359,9.488651297720722,13.466072940882631,0.7838243004269078
2026-09-12 18:31:52.674951,WIND-OMEGA-03,718.5334029998787,16.73780806901776,5.671488333193708,0.8104516980994967
2026-09-12 18:46:52.674951,WIND-OMEGA-03,312.56070137698333,15.433488497071982,4.263684445293795,0.5878789867206798
2026-09-12 19:01:52.674951,WIND-OMEGA-03,2303.4302873291354,16.778344742816145,8.555337565115964,0.6565967701744128
2026-09-12 19:16:52.674951,WIND-OMEGA-03,2838.160001624062,15.957886980970448,9.678717360971694,0.5430831468600061
2026-09-12 19:31:52.674951,WIND-OMEGA-03,1582.3891491058937,17.53120494652963,7.3760631624315565,0.9955631099372402
2026-09-12 19:46:52.674951,WIND-OMEGA-03,3189.905664227837,22.236528496959032,11.664070775747506,0.37887061163193514
2026-09-12 20:01:52.674951,WIND-OMEGA-03,436.6631671657795,17.840516025643232,4.761241874014359,1.0307180686633852
2026-09-12 20:16:52.674951,WIND-OMEGA-03,2945.65169350554,9.751722505450294,9.915914005930986,1.0772698794525688
2026-09-12 20:31:52.674951,WIND-OMEGA-03,1207.947484331594,21.81281426356226,6.7437284422577,0.7395638826034757
2026-09-12 20:46:52.674951,WIND-OMEGA-03,3371.4671494723875,23.203072817441438,12.63037019153042,0.27937258243454033
2026-09-12 21:01:52.674951,WIND-OMEGA-03,3348.344478783467,30.760283672560426,13.385422498664497,0.7277378876065419
2026-09-12 21:16:52.674951,WIND-OMEGA-03,1122.3548884841186,9.38252983380201,6.558249111990874,0.7871631677422362
2026-09-12 21:31:52.674951,WIND-OMEGA-03,1374.056928768007,16.214410065751373,7.1701883340224555,0.5978803560142174
2026-09-12 21:46:52.674951,WIND-OMEGA-03,3085.2902257812393,4.589506484055065,10.760564476006678,0.6969563212383515
2026-09-12 22:01:52.674951,WIND-OMEGA-03,1737.1669779401798,17.765745781896044,7.709496270660893,1.1060390397726703
2026-09-12 22:16:52.674951,WIND-OMEGA-03,2311.834424822549,12.258998509166137,8.627631965885858,0.9329854324603483
2026-09-12 22:31:52.674951,WIND-OMEGA-03,2401.735056654275,24.617228974124764,8.866474621214453,0.61508717712438
2026-09-12 22:46:52.674951,WIND-OMEGA-03,259.73427777811787,11.126925149907091,4.06357134868114,0.4804801660809136
2026-09-12 23:01:52.674951,WIND-OMEGA-03,2544.237571614596,6.554084810163692,8.885721681654553,0.7345965364780458
2026-09-12 23:16:52.674951,WIND-OMEGA-03,1486.951948874554,12.6436812964874,7.25127710182446,0.7573086441299124
2026-09-12 23:31:52.674951,WIND-OMEGA-03,1795.228449270295,5.122561143914313,7.7956998617039375,0.8992398374726633
2026-09-12 23:46:52.674951,WIND-OMEGA-03,3275.74329316912,18.75549727253655,12.68804221284111,0.6929366574864683
2026-09-13 00:01:52.674951,WIND-OMEGA-03,836.54242427881,4.674584768718397,5.98561411919012,0.9022999150723723
2026-09-13 00:16:52.674951,WIND-OMEGA-03,3219.52451385654,15.142287905915794,11.205200368789047,1.187030808012046
2026-09-13 00:31:52.674951,WIND-OMEGA-03,2249.9490729554464,4.610940900719015,8.517400248668402,0.9631002044888526
2026-09-13 00:46:52.674951,WIND-OMEGA-03,2205.9750407752417,13.398510977316791,8.555272994684326,0.7903822985338456
2026-09-13 01:01:52.674951,WIND-OMEGA-03,3240.176980191881,23.21689077902267,11.267650633643846,0.763369905789341
2026-09-13 01:16:52.674951,WIND-OMEGA-03,3001.3116832711084,16.803239457178975,10.176018737877481,0.7286653731640258
